id;kode_obat;nama_obat;satuan;harga_satuan;komposisi;kategori;keterangan;created_at;updated_at;deleted_at 
1;ALKHP001;ABBOCATH 18;PCS;8.700;;Alat Kesehatan Habis Pakai;;;;
2;ALKHP002;ABBOCATH 20;PCS;8.700;;Alat Kesehatan Habis Pakai;;;;
3;ALKHP003;ABBOCATH 22;PCS;8.700;;Alat Kesehatan Habis Pakai;;;;
4;ALKHP004;ABBOCATH 24;PCS;8.700;;Alat Kesehatan Habis Pakai;;;;
5;ALKHP005;ABBOCATH 26 (NEOFLON);PCS;17.000;;Alat Kesehatan Habis Pakai;;;;
6;ALKHP006;ADHESIVE TAPE FOR STERILISATION;ROLL;64.648;;Alat Kesehatan Habis Pakai;;;;
7;ALKHP007;ALAT SUNTIK DISP 0,5 ML (DROPPING DINAS);PCS; - ;;Alat Kesehatan Habis Pakai;;;;
8;ALKHP008;ALAT SUNTIK DISP 20 ML;PCS;3.080;;Alat Kesehatan Habis Pakai;;;;
9;ALKHP009;ALAT SUNTIK DISP 3 ML;b ;1.099;;Alat Kesehatan Habis Pakai;;;;
10;ALKHP010;ALAT SUNTIK DISPOSIBLE 10 CC;FLS;1.308;;Alat Kesehatan Habis Pakai;;;;
11;ALKHP011;ALAT SUNTIK SEKALI PAKAI 1 ML;SET;;;Alat Kesehatan Habis Pakai;;;;
12;ALKHP012;ALAT SUNTIK SEKALI PAKAI 2,5 ML;SET;1.265;;Alat Kesehatan Habis Pakai;;;;
13;ALKHP013;ALAT SUNTIK SEKALI PAKAI 5 ML;SET;;;Alat Kesehatan Habis Pakai;;;;
14;ALKHP014;BISTURI;PCS;2.790;;Alat Kesehatan Habis Pakai;;;;
15;ALKHP015;CAT GUT 100 M;Roll;925.000;;Alat Kesehatan Habis Pakai;;;;
16;ALKHP016;CAT GUT CHROME NO. 3/0 HR 26 MM;SACH;32.800;;Alat Kesehatan Habis Pakai;;;;
17;ALKHP017;CAT GUT CHROME NO. 3/0 HR 30 MM;PCS;34.170;;Alat Kesehatan Habis Pakai;;;;
18;ALKHP018;CAT GUT PLAIN NO. 3/0 HR 26 MM;SACH;34.300;;Alat Kesehatan Habis Pakai;;;;
19;ALKHP019;CAT GUT SILK NO. 3/0 HR 26 MM;SAK;19.700;;Alat Kesehatan Habis Pakai;;;;
20;ALKHP020;CATETER NELATON;pcs;4.100;;Alat Kesehatan Habis Pakai;;;;
21;ALKHP021;FOLLEY CATHETER no 16;PCS;9.990;;Alat Kesehatan Habis Pakai;;;;
22;ALKHP022;INFUSION SET ANAK;SET;9.130;;Alat Kesehatan Habis Pakai;;;;
23;ALKHP023;INFUSION SET DEWASA;SET;7.295;;Alat Kesehatan Habis Pakai;;;;
24;ALKHP024;INHALER ROTACAPS;PCS;5.000;;Alat Kesehatan Habis Pakai;;;;
25;ALKHP025;JARUM AKUPUNTUR 20X15;BOX;51.700;;Alat Kesehatan Habis Pakai;;;;
26;ALKHP026;JARUM AKUPUNTUR 25X25;BOX;51.700;;Alat Kesehatan Habis Pakai;;;;
27;ALKHP027;JARUM AKUPUNTUR 22X15;BOX;51.700;;Alat Kesehatan Habis Pakai;;;;
28;ALKHP028;JARUM AKUPUNTUR 25X40;BOX;51.700;;Alat Kesehatan Habis Pakai;;;;
29;ALKHP029;JARUM AKUPUNTUR 25X50;BOX;51.700;;Alat Kesehatan Habis Pakai;;;;
30;ALKHP030;JARUM AKUPUNTUR 30X40;BOX;51.700;;Alat Kesehatan Habis Pakai;;;;
31;ALKHP031;JARUM JAHIT (BEDAH) KULIT NO.9 S/D 14;BH;27.000;;Alat Kesehatan Habis Pakai;;;;
32;ALKHP032;JARUM JAHIT (BEDAH) OTOT NO.9 S/D 14;BH;;;Alat Kesehatan Habis Pakai;;;;
33;ALKHP033;JARUM TINDIK;BOX;42.900;;Alat Kesehatan Habis Pakai;;;;
34;ALKHP034;KANTONG PLASTIK  KLIP ETIKET 13 x 8,7 CM;PACK;6.000;;Alat Kesehatan Habis Pakai;;;;
35;ALKHP035;KANTONG PLASTIK  KLIP ETIKET 15 x 10 CM;PACK;13.636;;Alat Kesehatan Habis Pakai;;;;
36;ALKHP036;KANTONG PLASTIK BINTANG;PAK 100 LMBR;10.000;;Alat Kesehatan Habis Pakai;;;;
37;ALKHP037;KANTONG PLASTIK KLIP;LB;136;;Alat Kesehatan Habis Pakai;;;;
38;ALKHP038;KANTONG PLASTIK KLIP ETIKET 7 x 10 CM ;PACK;6.000;;Alat Kesehatan Habis Pakai;;;;
39;ALKHP039;KAPAS PEMBALUT/ABSORBEN 250 GRAM;ROL;24.000;;Alat Kesehatan Habis Pakai;;;;
40;ALKHP040;KASA  5 x 75 CM;ROL;10.000;;Alat Kesehatan Habis Pakai;;;;
41;ALKHP041;KASA GULUNG  ± 40 YARD x 80 CM;ROL;135.000;;Alat Kesehatan Habis Pakai;;;;
42;ALKHP042;KASA KOMPRES 40/40 STERIL;ROL;4.600;;Alat Kesehatan Habis Pakai;;;;
43;ALKHP043;KASA PEMBALUT 2M X 80 CM;ROL;9.400;;Alat Kesehatan Habis Pakai;;;;
44;ALKHP044;KASA PEMBALUT 4M X 15 CM;ROL;3.800;;Alat Kesehatan Habis Pakai;;;;
45;ALKHP045;KASA PEMBALUT 4M X 3 CM;ROL;3.066;;Alat Kesehatan Habis Pakai;;;;
46;ALKHP046;KASA STERIL 16 x 16 CM;PACK;8.000;;Alat Kesehatan Habis Pakai;;;;
47;ALKHP047;KERTAS ECG (Versi lama - tidak dipakai lagi);ROL;90.000;;Alat Kesehatan Habis Pakai;;;;
48;ALKHP048;KERTAS PH;PAK;70.000;;Alat Kesehatan Habis Pakai;;;;
49;ALKHP049;KERTAS POWDER;PACK;13.636;;Alat Kesehatan Habis Pakai;;;;
50;ALKHP050;KERTAS PUYER;PAK;44.400;;Alat Kesehatan Habis Pakai;;;;
51;ALKHP051;LANCET;PCS;;;Alat Kesehatan Habis Pakai;;;;
52;ALKHP052;MASKER EARLOP (KARET);LBR;;;Alat Kesehatan Habis Pakai;;;;
53;ALKHP053;MASKER EARLOP 3 PLY;PCS;609;;Alat Kesehatan Habis Pakai;;;;
54;ALKHP054;MASKER N95;PCS;19.500;;Alat Kesehatan Habis Pakai;;;;
55;ALKHP055;MASKER NEBULIZER ANAK;PCS;16.000;;Alat Kesehatan Habis Pakai;;;;
56;ALKHP056;MASKER NEBULIZER DEWASA;PCS;16.000;;Alat Kesehatan Habis Pakai;;;;
57;ALKHP057;MASKER OKSIGEN ANAK (PEDIATRIK);PCS;11.200;;Alat Kesehatan Habis Pakai;;;;
58;ALKHP058;MASKER OKSIGEN DEWASA;PCS;11.200;;Alat Kesehatan Habis Pakai;;;;
59;ALKHP059;MASKER TIE ON (TALI);PCS;609;;Alat Kesehatan Habis Pakai;;;;
60;ALKHP060;MASKER WITH VISOR;PCS;;;Alat Kesehatan Habis Pakai;;;;
61;ALKHP061;MICROPORE 0,5 INCHI;PCS;9.685;;Alat Kesehatan Habis Pakai;;;;
62;ALKHP062;MICROPORE 1 INCHI;PCS;19.370;;Alat Kesehatan Habis Pakai;;;;
63;ALKHP063;MICROPORE 2 INCHI;PCS;32.934;;Alat Kesehatan Habis Pakai;;;;
64;ALKHP064;NEEDLE 18 ;PCS;311;;Alat Kesehatan Habis Pakai;;;;
65;ALKHP065;NEEDLE 24;PCS;311;;Alat Kesehatan Habis Pakai;;;;
66;ALKHP066;NEEDLE 27;PCS;560;;Alat Kesehatan Habis Pakai;;;;
67;ALKHP067;OKSIGEN NASAL CANUL DWS;PCS;4.000;;Alat Kesehatan Habis Pakai;;;;
68;ALKHP068;OKSIGEN NASAL CANULA PED;PCS;4.000;;Alat Kesehatan Habis Pakai;;;;
69;ALKHP069;PENENG BAYI (Biru n Pink);PCS;1.078;;Alat Kesehatan Habis Pakai;;;;
70;ALKHP070;PENJEPIT TALI PUSAT;PCS;2.750;;Alat Kesehatan Habis Pakai;;;;
71;ALKHP071;PLESTER 4X1.25;PCS;12.076;;Alat Kesehatan Habis Pakai;;;;
72;ALKHP072;PLESTER ANTI AIR UK. 10 CM X 5 M;ROLL;27.000;;Alat Kesehatan Habis Pakai;;;;
73;ALKHP073;POT PLASTIK 50 GRAM;POT;550;;Alat Kesehatan Habis Pakai;;;;
74;ALKHP074;POUCHES STERICLIN FLAT 15 CM/200M;ROLL;1.266.000;;Alat Kesehatan Habis Pakai;;;;
75;ALKHP075;POUCHES STERICLIN FLAT 20 CM/200M;ROLL;1.538.000;;Alat Kesehatan Habis Pakai;;;;
76;ALKHP076;POUCHES STERICLIN FLAT 5 CM/200M;ROLL;755.000;;Alat Kesehatan Habis Pakai;;;;
77;ALKHP077;POUCHES STERICLIN GUSSETS 20X5 CM/200M;ROLL;1.271.000;;Alat Kesehatan Habis Pakai;;;;
78;ALKHP078;ROTAHELER VENTOLIN ;BTL;6.550;;Alat Kesehatan Habis Pakai;;;;
79;ALKHP079;SARUNG TANGAN L (DROPPING DINAS);PCS;;;Alat Kesehatan Habis Pakai;;;;
80;ALKHP080;SARUNG TANGAN M (DROPPING DINAS);PCS;;;Alat Kesehatan Habis Pakai;;;;
81;ALKHP081;SARUNG TANGAN NITRIL UK. L;BOX;62.700;;Alat Kesehatan Habis Pakai;;;;
82;ALKHP082;SARUNG TANGAN NITRIL UK. M;BOX;109.000;;Alat Kesehatan Habis Pakai;;;;
83;ALKHP083;SARUNG TANGAN NITRIL UK. S;BOX;109.000;;Alat Kesehatan Habis Pakai;;;;
84;ALKHP084;SARUNG TANGAN OBGYN;PCS;13.500;;Alat Kesehatan Habis Pakai;;;;
85;ALKHP085;SARUNG TANGAN S (DROPPING DINAS);PCS;;;Alat Kesehatan Habis Pakai;;;;
86;ALKHP086;SARUNG TANGAN STERIL NO. 6,5;PCS;8.100;;Alat Kesehatan Habis Pakai;;;;
87;ALKHP087;SARUNG TANGAN STERIL NO. 7 (DROPPING DINAS);PCS;;;Alat Kesehatan Habis Pakai;;;;
88;ALKHP088;SARUNG TANGAN XS;PCS;462;;Alat Kesehatan Habis Pakai;;;;
89;ALKHP089;SENDOK OBAT PLASTIK 5 ML;buah;250;;Alat Kesehatan Habis Pakai;;;;
90;ALKHP090;URINE BAG;PCS;5.500;;Alat Kesehatan Habis Pakai;;;;
91;ALKHP091;VAGINA SPECULUM DISPOSSIBLE (UK. L);PCS;6.000;;Alat Kesehatan Habis Pakai;;;;
92;ALKHP092;VAGINA SPECULUM DISPOSSIBLE (UK. M);PCS;11.000;;Alat Kesehatan Habis Pakai;;;;
93;ALKHP093;VAGINA SPECULUM DISPOSSIBLE (UK. S);PCS;11.000;;Alat Kesehatan Habis Pakai;;;;
94;ALKHP094;WING NEEDLE 21;PCS;5.643;;Alat Kesehatan Habis Pakai;;;;
95;ALKHP095;WING NEEDLE 23;PCS;5.643;;Alat Kesehatan Habis Pakai;;;;
96;ALKHP096;WING NEEDLE 25;PCS;5.643;;Alat Kesehatan Habis Pakai;;;;
97;ALKHP097;WING NEEDLE 27;PCS;14.600;;Alat Kesehatan Habis Pakai;;;;
98;ALKHP098;POUCHES STERICLIN GUSSETS 25X6,5 CM/200M;ROLL;1.542.000;;Alat Kesehatan Habis Pakai;;;;
99;ALKHP099;POUCHES STERICLIN GUSSETS 15X5 CM/200M;ROLL;1.056.000;;Alat Kesehatan Habis Pakai;;;;
100;ALKHP100;PIPET OBAT 1ML;PCS;400;;Alat Kesehatan Habis Pakai;;;;
101;ALKHP101;PROSTOSCOPE;PCS;11.880;;Alat Kesehatan Habis Pakai;;;;
102;ALKHP102;GUEDAL AIRWAY NEONATAL;PCS;18.480;;Alat Kesehatan Habis Pakai;;;;
103;ALKHP103;GUEDAL AIRWAY 003;PCS;18.480;;Alat Kesehatan Habis Pakai;;;;
104;ALKHP104;STERIL COTTON SWAB STICK BIG HEAD;PCS;4.850;;Alat Kesehatan Habis Pakai;;;;
105;ALKHP105;POUCHES STERICLIN FLAT 7,5CM/200M;ROLL;705.000;;Alat Kesehatan Habis Pakai;;;;
106;ALKHP106;POUCHES STERICLIN FLAT 10CM/200M;ROLL;886.050;;Alat Kesehatan Habis Pakai;;;;
107;ALKHP107;POUCHES STERICLIN GUSSETS 25X5CM/200M;ROLL;1.401.818;;Alat Kesehatan Habis Pakai;;;;
108;ALKHP108;MASKER OKSIGEN INFANT;Pcs;9.500;;Alat Kesehatan Habis Pakai;;;;
109;ALKHP109;NASAL CANULE OKSIGEN INFANT;Pcs;5.600;;Alat Kesehatan Habis Pakai;;;;
110;ALKHP110;MASKER NEBULIZER INFANT;Pcs;28.300;;Alat Kesehatan Habis Pakai;;;;
111;ALKHP111;ALAT SUNTIK DISP. 0,05 ML (DROPPING DINAS);Pcs; - ;;Alat Kesehatan Habis Pakai;;;;
112;ALKHP112;CREPES (UNIFLEX) 4,5MX10CM;ROL;21.406;;Alat Kesehatan Habis Pakai;;;;
113;ALKHP113;RESUSITATOR DEWASA;SET;459.998;;Alat Kesehatan Habis Pakai;;;;
114;ALKHP114;RESUSITATOR ANAK;SET;459.998;;Alat Kesehatan Habis Pakai;;;;
115;ALKHP115;RESUSITATOR BAYI;SET;459.998;;Alat Kesehatan Habis Pakai;;;;
116;ALKHP116;ARM SLING UK. S;PCS;15.840;;Alat Kesehatan Habis Pakai;;;;
117;ALKHP117;ARM SLING UK. M;PCS;15.840;;Alat Kesehatan Habis Pakai;;;;
118;ALKHP118;ARM SLING UK. L;PCS;15.840;;Alat Kesehatan Habis Pakai;;;;
119;ALKHP119;APRON ONE NEW;PACK;2.959;;Alat Kesehatan Habis Pakai;;;;
120;ALKHP120;WINGED & PORTED IV CATH NO.22;PCS;14.590;;Alat Kesehatan Habis Pakai;;;;
121;ALKHP121;WINGED & PORTED IV CATH NO.24;PCS;15.180;;Alat Kesehatan Habis Pakai;;;;
122;ALKHP122;WINGED & PORTED IV CATH NO.26;PCS;15.400;;Alat Kesehatan Habis Pakai;;;;
123;ALKHP123;WINGED & PORTED IV CATH NO.20;PCS;14.590;;Alat Kesehatan Habis Pakai;;;;
124;ALKHP124;WINGED & PORTED IV CATH NO.18;PCS;14.590;;Alat Kesehatan Habis Pakai;;;;
125;ALKHP125;ALAT SUNTIK DISP 50 ML;PCS;7.742;;Alat Kesehatan Habis Pakai;;;;
126;ALKHP126;ENDOTRACHEAL UNCUFFED 2.0;Pcs;9.600;;Alat Kesehatan Habis Pakai;;;;
127;ALKHP127;ENDOTRACHEAL UNCUFFED 3.0;Pcs;25.000;;Alat Kesehatan Habis Pakai;;;;
128;ALKHP128;ENDOTRACHEAL UNCUFFED 6.5;Pcs;13.100;;Alat Kesehatan Habis Pakai;;;;
129;ALKHP129;ENDOTRACHEAL UNCUFFED 7.0;pcs;13.100;;Alat Kesehatan Habis Pakai;;;;
130;ALKHP130;ENDOTRACHEAL UNCUFFED 7.5;pcs;13.100;;Alat Kesehatan Habis Pakai;;;;
131;ALKHP133;SAFETY BOX Uk 12,5 L (DROPPING DINAS);pcs; - ;;Alat Kesehatan Habis Pakai;;;;
132;ALKHP134;SAFETY BOX Uk 5 L (DROPPING DINAS);pcs; - ;;Alat Kesehatan Habis Pakai;;;;
133;ALKHP135;SAFETY BOX Uk 2,5 L (DROPPING DINAS);pcs; - ;;Alat Kesehatan Habis Pakai;;;;
134;ALKHP136;SPUIT 5ml (DROPPING DINAS);pcs; - ;;Alat Kesehatan Habis Pakai;;;;
135;ALKHP137;SEGEL PLASTIK NOMOR;pcs;1.100;;Alat Kesehatan Habis Pakai;;;;
136;BMHP001;ALKOHOL / ETANOL 70% 100 ML;BTL;3.000;;Barang Medis Habis Pakai;;;;
137;BMHP002;ALKOHOL / ETANOL 70% BOTOL 1 LITER;BTL;27.500;;Barang Medis Habis Pakai;;;;
138;BMHP003;ALKOHOL SWAB;PCS;;;Barang Medis Habis Pakai;;;;
139;BMHP004;BIOPLACENTON TULLE;PCS;6.900;;Barang Medis Habis Pakai;;;;
140;BMHP005;CAIRAN ALKACIDE (HIGH LEVEL DISINFECTAN, 1L);BTL;2.925.000;;Barang Medis Habis Pakai;;;;
141;BMHP006;CAIRAN ALKAZYME (PAK @25 SACHET 25 MG);PAK;801.000;;Barang Medis Habis Pakai;;;;
142;BMHP007;ETAKRIDIN (RIVANOL) LARUTAN 0.1 % 300ML;BTL;2.992;;Barang Medis Habis Pakai;;;;
143;BMHP008;HANDRUB BTL 500 ML;BOTOL;65.500;;Barang Medis Habis Pakai;;;;
144;BMHP009;HANDRUB ISI ULANG (5L) (dropping dinas);GALON;;;Barang Medis Habis Pakai;;;;
145;BMHP010;HANDSCRUB BOTOL 500ML (LIFO SCRUB);BOTOL;90.000;;Barang Medis Habis Pakai;;;;
146;BMHP011;HYDROGEN PEROKSIDA (H2O2);BTL;20.700;;Barang Medis Habis Pakai;;;;
147;BMHP012;JELLY USG / AQUAGEL;SACHET;2.566;;Barang Medis Habis Pakai;;;;
148;BMHP013;JELLY USG / AQUAGEL;TUBE 82 GR;11.000;;Barang Medis Habis Pakai;;;;
149;BMHP014;LISOL;BTL;30.000;;Barang Medis Habis Pakai;;;;
150;BMHP015;POVIDON IODIN 60 ML;BOTOL;3.700;;Barang Medis Habis Pakai;;;;
151;BMHP016;YODIUM POVIDON LARUTAN 10%  1 LT ;BTL;79.250;;Barang Medis Habis Pakai;;;;
152;BMHP017;YODIUM POVIDON LARUTAN 10% 30 ML;BTL;6.800;;Barang Medis Habis Pakai;;;;
153;BMHP018;YODIUM POVIDON LARUTAN 10% 300 ML ;BTL;21.000;;Barang Medis Habis Pakai;;;;
154;BMHP019;YODIUM POVIDON SALEP;tube;16.798;;Barang Medis Habis Pakai;;;;
155;BMHP020;SALISIL SPIRITUS 10 %;BTL;5.600;;Barang Medis Habis Pakai;;;;
156;BMHP021;WASH GLOVES TISSUE;pax/4 pcs;6.500;;Barang Medis Habis Pakai;;;;
157;BMHP022;CAIRAN DISINFEKTAN (SEPTALKAN);BOTOL;166.016;;Barang Medis Habis Pakai;;;;
158;BMHP023;SOFTAMAN 1L;BOTOL;143.000;;Barang Medis Habis Pakai;;;;
159;BMHP024;BOWIE N DICK TEST SHEET;BOX;;;Barang Medis Habis Pakai;;;;
160;BMHP025;PHARMAFIX 10X500CM;ROL;30.000;;Barang Medis Habis Pakai;;;;
161;BMHP026;UNDERPAD;BUAH ;7.900;;Barang Medis Habis Pakai;;;;
162;BMHP027;MASKER NRM CHILD;BUAH ;18.000;;Barang Medis Habis Pakai;;;;
163;BMHP028;MASKER NRM ADULT ;BUAH ;17.270;;Barang Medis Habis Pakai;;;;
164;BMHP029;OXYCAN ;BOTOL;49.000;;Barang Medis Habis Pakai;;;;
165;OBMHPL1;STOMAC TUBE no 18;BUAH ;15.000;;;;;;
166;OBMHPL2;POUCHES STERICLIN FLAT 15 CM/200M;ROLL;1.271.000;;;;;;
167;OBMHPL3;SEPTALKAN WIPES (Meliseptol Tissue);PACK ;142.000;;;;;;
168;OBMHPL4; 3T PAPER Thermal CTG (RB);BOX;572.000;;;;;;
169;OBMHPL5;Endo KERTAS EKG (p24);PACK ;297.000;;;;;;
170;OBMHPL6;Paper Bag;BUAH;1.150;;;;;;
171;OBMHPL7;Amplop Obat 10 cm x 15 cm (putih);BUAH;250;;;;;;
172;OBMHPL8;Amplop Obat 13 cm x 15 cm (putih);BUAH ;250;;;;;;
173;OBMHPL9;Amplop Biru 13 cm x 9 cm;BUAH;250;;;;;;
174;OBMHPL10;PLAIN SWAB STERIL;BUAH ;1300;;;;;;
175;OBMHPL11;INDICATORS STRIPS STEAM;BUAH ;470.000;;;;;;
176;OBMHPL12;SUCTION CATHETER NO. 06;Pcs;4.200;;;;;;
177;OBMHPL13;SUCTION CATHETER NO. 08;Pcs;4.200;;;;;;
178;OBMHPL14;SUCTION CATHETER NO. 10;Pcs;4.200;;;;;;
179;OBMHPL15;Self Adhesive Dressing Non Woven iv canula;Pcs;1.378;;;;;;
180;OBMHPL16;Alkohol 96% 20 Liter;Jerigen;550.000;;;;;;
181;OBMHPL17;Aquadest 20 Liter;Jerigen;137.500;;;;;;
182;OBMHPL18;Desinfektan C100 20 Liter;Jerigen;518.100;;;;;;
183;OBMHPL19;ENDOTRACHEAL UNCUFFED 5;PCS;13100;;;;;;
184;OBMHPL20;PHARMACOLL;PCS;25300;;;;;;
185;OBMHPL21;PHARMA ALGI-F;PCS;26000;;;;;;
186;OBMHPL22;HYDROGEN PEROKSIDA 5 Liter;botol;103200;;;;;;
187;OBMHPL23;Gliserol 1 Liter;botol;39600;;;;;;
188;OBMHPL24;ENDOTRACHEAL UNCUFFED 2.5;PCS;25000;;;;;;
189;OBMHPL25;ENDOTRACHEAL UNCUFFED 3.5;PCS;25000;;;;;;
190;OBMHPL26;ENDOTRACHEAL CUFFED 3.0;PCS;12540;;;;;;
191;OBMHPL27;ENDOTRACHEAL CUFFED 3.5;PCS;12540;;;;;;
192;OBMHPL28;FEEDING TUBE 3.5;BUAH ;5940;;;;;;
193;OBMHPL29;FEEDING TUBE 5;BUAH ;14080;;;;;;
194;OBMHPL30;FEEDING TUBE 8;BUAH ;14080;;;;;;
195;OBMHPL31;TARAZYM 1 L (Alkazym);BOTOL;801000;;;;;;
196;OBMHPL32;GLUDETAN 1 L (Alkacyd);BOTOL;1650000;;;;;;
197;OBMHPL33;ADS 0,3ML;pcs;1267;;;;;;
198;OBMHPL34;CLETIRA (Septalkan Spray);BOTOL;160.875;;;;;;
199;OBMHPL35;Sanitizer Preventive ahp. @ 20 Liter;JERIGEN;19.937.500;;;;;;
200;OBMHPL36;PROTOCELL LITE 10X5CM ;buah ;203.500;;;;;;
201;OBMHPL37;BETAPLAST 10X10 CM ;buah ;57.200;;;;;;
202;OBMHPL38;PROTOCELL BASIC 10X5CM ;buah ;104.500;;;;;;
203;OBMHPL39;SANPACK STERILISATION INDICATING CARD ;buah ;177.100;;;;;;
204;OBMHPL40;SANPACK STERILISATION INDICATION TAPE ;buah ;134.200;;;;;;
205;OBMHPL41;Opticelle Silicone Foam ;buah ;3.500;;;;;;
206;OBMHPL42;Opticelle LITE FOAM NON BORDER 10X10cm;buah;48.950;;;;;;
207;OBMHPL43;KANTONG PLASTIK  KLIP ETIKET 12x20CM;PACK ;;;;;;;
208;OBMHPL44;YODIUM POVIDON LARUTAN 10% 100 ML ;BTL;10.953;;;;;;
209;OBMHPL45;One Med Double Spike (Transofix);pcs;;;;;;;
210;OBMHPL46;Gelang Ibu (PINK);pcs;;;;;;;
211;OBMHPL47;Endo Laryngeal mask;Pcs;172.973;;;;;;
212;OBMHPL48;Umbilical Catheter Endo 5F;Pcs;28.825;;;;;;
213;OBMHPL49;SUCTION CATHETER NO. 12;Pcs;4.551;;;;;;
214;OBMHPL50;ENDOTRACHEAL 14;pcs;13.100;;;;;;
215;OBMHPL51;ENDOTRACHEAL 12;pcs;13.100;;;;;;
216;OBMHPL52;FEEDING TUBE 6;BUAH ;14.080;;;;;;
217;OBMHPL53;FEEDING TUBE 7;BUAH ;14.080;;;;;;
218;OBMHPL54;Transparant Film Dressing;pcs;;;;;;;
219;OBMHPL55;Hidrogen Peroksida 5 Liter;Dirigen;;;;;;;
220;OBMHPL56;Endo KERTAS EKG (Kamar Tindakan);PACK ;297.000;;;;;;
221;OBMHPL57;FOLLEY CATHETER no 18;Pcs;9.990;;;;;;
222;OBMHPL58;Mediprotect band 9x15;Pcs;;;;;;;
223;OBMHPL59;Mediprotect band 9x20;Pcs;;;;;;;
224;OBMHPL60;Mediprotect band 9x25;Pcs;;;;;;;
225;OBMHPL61;Tranparaent banland L;Pcs;;;;;;;
226;OBMHPL62;Tranparaent banland M;Pcs;;;;;;;
227;OBUM1;A.B.U. I (khusus ular dari luar Papua) inj (i.m./i.v.);vial;;;;;;;
228;OBUM2;A.B.U.II (khusus ular dari Papua) inj (i.m./i.v.);vial;;;;;;;
229;OBUM3;Air untuk injeksi amp 25 mL;ampul;4.800;;;;;;
230;OBUM4;Albendazol tab 400 mg (DROPPING DINAS);tablet;;;;;;;
231;OBUM5;Albendazol susp 200 mg/5 Ml (DROPPING DINAS);botol;;;;;;;
232;OBUM6;Alopurinol tab 100 mg;tablet;105;;;;;;
233;OBUM7;Alopurinol tab 300 mg;tablet;;;;;;;
234;OBUM8;Amilorid tab 5 mg;tablet;;;;;;;
235;OBUM9;Aminofilin tab 150 mg;tablet;;;;;;;
236;OBUM10;Aminofilin tab 200 mg;tablet;120;;;;;;
237;OBUM11;Aminofilin inj 24 mg/mL;vial;2.976;;;;;;
238;OBUM12;Amitriptilin tab sal 25 mg;tablet salut;167;;;;;;
239;OBUM13;Amlodipin tab sal 5 mg;tablet;55;;;;;;
240;OBUM14;Amlodipin tab 10 mg;tablet;73;;;;;;
241;OBUM15;Amoksisilin tab 500 mg;tablet;249;;;;;;
242;OBUM16;Amoksisilin sir forte 250 mg/5 mL;botol;3.298;;;;;;
243;OBUM17;Ampisilin serb inj 1000 mg/vial;vial;527;;;;;;
244;OBUM18;Ampisilin serb inj 250 mg/vial;vial;;;;;;;
245;OBUM19;Anestetik lokal gigi kombinasi :  lidokain HCl 2% + epinefrin 1 : 80.000 inj 2 mL;vial;1.222;;;;;;
246;OBUM20;Antasida, kombinasi : aluminium hidroksida 200 mg + magnesium hidroksida 200 mg;tablet kunyah;53;;;;;;
247;OBUM21;Antasida, kombinasi :aluminium hidroksida 200 mg + magnesium hidroksida 200 mg;botol;2.129;;;;;;
248;OBUM22;Antifungi salep, kombinasi : asam benzoat 6% + asam salisilat 3%;tube;4.496;;;;;;
249;OBUM23;Antihemoroid, kombinasi: bismut subgalat 150 mg + heksaklorofen 2,5 mg + lidokain 10 mg + seng oksida 120 mg, sup ad 2 g;supp;3.250;;;;;;
250;OBUM24;Antimalaria kombinasi : sulfadoksin 500 mg + pirimetamin 25 mg;kapsul;;;;;;;
251;OBUM25;Antiparkinson kombinasi : benserazid 25 mg + levodopa 100 mg;kapsul;;;;;;;
252;OBUM26;Artemether inj 80 mg/mL;vial;;;;;;;
253;OBUM27;Artesunat serb inj 60 mg/mL (i.v./i.m.);vial;;;;;;;
254;OBUM28;Articulating paper;kertas warna penanda oklusi;;;;;;;
255;OBUM29;Asam asetilsalisilat (asetosal) tab 80 mg;tablet;95;;;;;;
256;OBUM30;Asam askorbat (vitamin C) tab 50 mg;tablet;42;;;;;;
257;OBUM31;Asam askorbat (vitamin C) tab 250 mg;tablet;114;;;;;;
258;OBUM32;Asam folat tab 0,4 mg;tablet;;;;;;;
259;OBUM33;Asam folat tab 1 mg;tablet;99;;;;;;
260;OBUM34;Asam folat tab 5 mg;tablet;;;;;;;
261;OBUM35;Asam mefenamat kaps 250;kapsul;;;;;;;
262;OBUM36;Asam mefenamat kaps 500;kapsul;145;;;;;;
263;OBUM37;Asam salisilat 5%;salep;;;;;;;
264;OBUM38;Asam salisilat 0,1%;larutan;;;;;;;
265;OBUM39;Asiklovir tab 200 mg;tablet;574;;;;;;
266;OBUM40;Asiklovir tab 400 mg;tablet;405;;;;;;
267;OBUM41;Atapulgit;tablet;;;;;;;
268;OBUM42;Atenolol tab 50 mg;tablet;;;;;;;
269;OBUM43;Atropin tab 0,5 mg;tablet;;;;;;;
270;OBUM44;Atropin inj 0,25 mg/mL (i.v./i.m./s.k.);vial;1.672;;;;;;
271;OBUM45;Bahan tumpatan sementara lar, serb;botol;;;;;;;
272;OBUM46;Bedak salisil serb 2%;serbuk;5.842;;;;;;
273;OBUM47;Benzatin penisilin inj 1,2 juta UI/mL (i.m.);vial;10.700;;;;;;
274;OBUM48;Benzatin penisilin inj 2,4 juta UI/mL (i.m.);vial;14.500;;;;;;
275;OBUM49;Betametason krim 0,5 mg/g;krim;1.540;;;;;;
276;OBUM50;Betametason tts mata 1 mg/mL;botol;;;;;;;
277;OBUM51;Bisakodil sup 10 mg;tab salut;5.800;;;;;;
278;OBUM52;Bisakodil sup 5 mg;supp;5.670;;;;;;
279;OBUM53;Bisakodil tab salut 5 mg;tab ;348;;;;;;
280;OBUM54;Coal tar lar 5 %;botol;;;;;;;
281;OBUM55;Copper T;set/buah;;;;;;;
282;OBUM56;Dapson tab scored 100 mg;tab scored;;;;;;;
283;OBUM57;Deksametason inj 5 mg/mL  (i.v./i.m.);vial;1.441;;;;;;
284;OBUM58;Deksametason tab 0,5 mg;tablet;100;;;;;;
285;OBUM59;Diazepam inj 5 mg/mL (i.v./i.m.);vial;;;;;;;
286;OBUM60;Diazepam lar rektal 10 mg/2,5 mL;lar rektal;18.279;;;;;;
287;OBUM61;Diazepam lar rektal 5 mg/2,5 mL;lar rektal;12.573;;;;;;
288;OBUM62;Diazepam tab 2 mg;tablet;78;;;;;;
289;OBUM63;Diazepam tab 5 mg;tablet;;;;;;;
290;OBUM64;Dietilkarbamazin tab 100 mg;tablet;119;;;;;;
291;OBUM65;Difenhidramin inj 10 mg/mL (i.v./i.m.);vial;1.650;;;;;;
292;OBUM66;Digoksin tab 0,25 mg;tablet;;;;;;;
293;OBUM67;Diltiazem HCl tab 30 mg;tablet;;;;;;;
294;OBUM68;Dimenhidrinat tab 50 mg;tablet;99;;;;;;
295;OBUM69;Doksisiklin kaps 100 mg;kapsul;264;;;;;;
296;OBUM70;Domperidon tab 10 mg;tablet;300;;;;;;
297;OBUM71;Epinefrin (adrenalin) inj 0,1% (i.v./s.k./i.m.);ampul;2.640;;;;;;
298;OBUM72;Epinefrin (adrenalin) inj 1 mg/mL;ampul;;;;;;;
299;OBUM73;Ergokalsiferol (vitamin D2) kaps 50.000 UI;kapsul;;;;;;;
300;OBUM74;Ergokalsiferol (vitamin D2) susp 10.000 UI/mL;botol;;;;;;;
301;OBUM75;Ergotamin tab 1 mg;tablet;135;;;;;;
302;OBUM76;Eritromisin kaps 250 mg;kapsul;583;;;;;;
303;OBUM77;Eritromisin sir 200 mg/5 mL;botol;6.150;;;;;;
304;OBUM78;Etambutol tab 250 mg;tablet;;;;;;;
305;OBUM79;Etambutol tab 400 mg;tablet;;;;;;;
306;OBUM80;Etambutol tab 500 mg;tablet;505;;;;;;
307;OBUM81;Etanol botol 70%;botol;;;;;;;
308;OBUM82;Etil klorida semprot 100 mL;botol;175.000;;;;;;
309;OBUM83;Etonogestrel implan 68 mg;implan;;;;;;;
310;OBUM84;Eugenol;botol;;;;;;;
311;OBUM85;Fenitoin Na kaps 50 mg;kapsul;;;;;;;
312;OBUM86;Fenitoin Na kaps 100 mg;kapsul;167;;;;;;
313;OBUM87;Fenitoin Na inj 100 mg/2;ampul;;;;;;;
314;OBUM88;Fenitoin Na inj 50 mg/mL;ampul;;;;;;;
315;OBUM89;Fenobarbital tab 30 mg;tablet;63;;;;;;
316;OBUM90;Fenobarbital tab 100 mg;tablet;;;;;;;
317;OBUM91;Fenoksimetil penisilin (penisilin V) tab 250 mg;tablet;;;;;;;
318;OBUM92;Fenoksimetil penisilin (penisilin V) tab 500 mg;tablet;;;;;;;
319;OBUM93;Fenoksimetil penisilin (penisilin V) serb inj 3 juta UI/vial (i.m.);vial;;;;;;;
320;OBUM94;Ferro fumarat kaps lunak 300 mg;kaps. Lunak;;;;;;;
321;OBUM95;Ferro sulfat tab salut 300 mg;tablet salut;;;;;;;
322;OBUM96;Ferro sulfat sir. 15 mg/5 mL;botol;;;;;;;
323;OBUM97;Fitomenadion (vitamin K 1) tab sal 10 mg;tab. Salut;758;;;;;;
324;OBUM98;Fitomenadion (vitamin K 1) inj 2 mg/mL (i.m.);vial;3.682;;;;;;
325;OBUM99;Fluor tab 0,5 mg;tablet;;;;;;;
326;OBUM100;Fluor kapl 1 mg;kapsul;;;;;;;
327;OBUM101;Fluor sediaan topikal;tube;;;;;;;
328;OBUM102;Fluoresein tts mata 2,5 mg/mL;botol;;;;;;;
329;OBUM103;Formokresol;botol;;;;;;;
330;OBUM104;Furosemid tab 40 mg;tablet;82;;;;;;
331;OBUM105;Furosemid inj 10 mg/mL (i.v./i.m.);ampul;1.333;;;;;;
332;OBUM106;Galactose microparticle200- 400 mg micropart/mL;gel;;;;;;;
333;OBUM107;Garam oralit kombinasi : natrium klorida 0,52 g + kalium klorida 0,30 g + trinatrium sitrat dihidrat 0,58 g+ glukosa anhidrat 2,7 g serbuk untuk 200 ml air (DROPPING DINAS);sachet;;;;;;;
334;OBUM108;Glass ionomer ART (Atraumatic Restorative Treatment);sachet;;;;;;;
335;OBUM109;Glass ionomer ART (Atraumatic Restorative Treatment);botol;;;;;;;
336;OBUM110;Glass ionomer ART (Atraumatic Restorative Treatment) cocoa butter 5 g;cocoa butter;;;;;;;
337;OBUM111;Glibenklamid tab 2,5 mg;tablet;;;;;;;
338;OBUM112;Glibenklamid tab 5 mg;tablet;119;;;;;;
339;OBUM113;Glimepirid tab 1 mg;tablet;;;;;;;
340;OBUM114;Glimepirid tab 2 mg;tablet;207;;;;;;
341;OBUM115;Glipizid tab 5 mg;tablet;;;;;;;
342;OBUM116;Gliseril trinitrat tab sublingual 0,5 mg;tablet sub.;;;;;;;
343;OBUM117;Gliserin tts 10 mg/mL;botol;;;;;;;
344;OBUM118;Gliserin tts 100 mg/mL;botol;;;;;;;
345;OBUM119;Griseofulvin (micronized ) tab 125 mg;tablet;210;;;;;;
346;OBUM120;Griseofulvin (micronized ) tab scored 250 mg;tablet score;;;;;;;
347;OBUM121;Gutta percha dan paper points 15 - 40 mm;roll;;;;;;;
348;OBUM122;Gutta percha dan paper points 45 - 80 mm;roll;;;;;;;
349;OBUM123;Haloperidol tab 0,5 mg;tablet;59;;;;;;
350;OBUM124;Haloperidol tab 1,5 mg;tablet;61;;;;;;
351;OBUM125;Haloperidol tab 2 mg;tablet;;;;;;;
352;OBUM126;Haloperidol tab 5 mg;tablet;60;;;;;;
353;OBUM127;Haloperidol tts 2 mg/mL;botol;;;;;;;
354;OBUM128;Haloperidol inj 5 mg/mL (i.m.);vial;12.524;;;;;;
355;OBUM129;Hepatitis B imunoglobulin (human) inj 0,5 mL;vial;;;;;;;
356;OBUM130;Hidrogen peroksida botol 3%;botol;;;;;;;
357;OBUM131;Hidrogen peroksida lar. konsentrat 3%;botol;;;;;;;
358;OBUM132;Hidroklorotiazid tab 25 mg;tablet;148;;;;;;
359;OBUM133;Hidrokortison serb inj 100 mg/vial;vial;;;;;;;
360;OBUM134;Hidrokortison krim 2,5%;krim;2.475;;;;;;
361;OBUM135;Hiosina butilbromida tab 10 mg;tablet;1.557;;;;;;
362;OBUM136;Human tetanus imunoglobulin inj 250 UI(i.m);vial;;;;;;;
363;OBUM137;Human tetanus imunoglobulin inj 500 UI (i.m.);vial;;;;;;;
364;OBUM138;Ibuprofen tab 200 mg;tablet;105;;;;;;
365;OBUM139;Ibuprofen tab 400 mg;tablet;255;;;;;;
366;OBUM140;Ibuprofen sir 100 mg/5 mL;botol;2.475;;;;;;
367;OBUM141;Ibuprofen sir 200 mg/5 mL;botol;;;;;;;
368;OBUM142;Ipratropium bromida ih padat 20 mg;botol;;;;;;;
369;OBUM143;Ipratropium bromida nebulizer 0,025%;botol;;;;;;;
370;OBUM144;Isoniazid tab 100 mg;tablet;71;;;;;;
371;OBUM145;Isoniazid tab 300 mg;tablet;173;;;;;;
372;OBUM146;Isosorbid dinitrat tab 5 mg;tablet;88;;;;;;
373;OBUM147;Kalamin;botol;;;;;;;
374;OBUM148;Kalsium glukonat inj 100 mg/mL;ampul;9.955;;;;;;
375;OBUM149;Kalsium hidroksida;pasta;;;;;;;
376;OBUM150;Kalsium karbonat tab 500 mg;tablet;;;;;;;
377;OBUM151;Kalsium laktat (kalk) tab 500 mg;tablet;63;;;;;;
378;OBUM152;Kaptopril tab 12,5 mg;tablet;59;;;;;;
379;OBUM153;Kaptopril tab 25 mg;tablet;68;;;;;;
380;OBUM154;Karbamazepin tab 200 mg;tablet;243;;;;;;
381;OBUM155;Karbamazepin sir 100 mg/5 mL;botol;;;;;;;
382;OBUM156;Karbo adsorben tab 0,5 g;tablet;;;;;;;
383;OBUM157;Karbogliserin tts telinga 10 %;botol;3.300;;;;;;
384;OBUM158;Ketamin inj 50 mg/mL;ampul;;;;;;;
385;OBUM159;Ketamin inj 100 mg/mL (i.v.);ampul;;;;;;;
386;OBUM160;Ketokonazol tab 200 mg;tablet;262;;;;;;
387;OBUM161;Klofazimin, micronizedkaps 100 mg;kapsul;;;;;;;
388;OBUM162;Kloramfenikol kaps 250 mg;kapsil;416;;;;;;
389;OBUM163;Kloramfenikol susp 125 mg/5 mL;botol;4.559;;;;;;
390;OBUM164;Kloramfenikol salep kulit 2%;pot;3.242;;;;;;
391;OBUM165;Kloramfenikol tts mata 0,5%;botol;;;;;;;
392;OBUM166;Kloramfenikol tts mata 1%;botol;7.500;;;;;;
393;OBUM167;Kloramfenikol salep mata 1%;pot;2.007;;;;;;
394;OBUM168;Klorfeniramin maleat tab 4 mg;tablet;24;;;;;;
395;OBUM169;Klorfenol kamfer mentol (CHKM);botol;;;;;;;
396;OBUM170;Klorheksidin lar 15%;botol;;;;;;;
397;OBUM171;Klorheksidin lar 0,2%;botol;;;;;;;
398;OBUM172;Klorpromazin tab sal 25 mg;tablet salut;;;;;;;
399;OBUM173;Klorpromazin tab sal 100 mg;tablet salut;147;;;;;;
400;OBUM174;Klorpromazin inj 5 mg/mL (i.m.);vial;;;;;;;
401;OBUM175;Klorpromazin inj 25 mg/mL vial (i.m.);vial;;;;;;;
402;OBUM176;Klortalidon tab 50 mg;tablet;;;;;;;
403;OBUM177;Kodein tab 10 mg;tablet;571;;;;;;
404;OBUM178;Kodein tab 20 mg;tablet;;;;;;;
405;OBUM179;Kombinasi untuk anak : Paduan dalam bentuk dosis tetap (KDT/FDC) Rifampisin kaplet 75 mg + isoniazid tablet 50 mg;Paket;;;;;;;
406;OBUM180;kombinasi (kombipak) : artesunat tab 50 mg + amodiakuin tab 200 mg;Tablet;;;;;;;
407;OBUM181;kombinasi : tablet salut ferro sulfat 200 mg + asam folat 0,25 mg;Tablet salut;;;;;;;
408;OBUM182;Kombinasi : artemeter 20 mg + lumefantrin 120 mg;Tablet;;;;;;;
409;OBUM183;kombinasi untuk anak : (Paduan dalam bentuk Kombipak) Rifampisin kaplet 75 mg + isoniazid tablet 100 mg + pirazinamid tablet 200 mg;Paket; - ;;;;;;
410;OBUM184;"kombinasi untuk anak : (Paduan dalam bentuk kombipak) Rifampicin kaplet75 mg + isoniazid tablet
100 mg
";Paket;;;;;;;
411;OBUM185;Kombinasi untuk anak : Paduan dalam bentuk dosis tetap (KDT/FDC) Rifampisin kaplet 75 mg + isoniazid tablet 50 mg + pirazinamid tablet 150 mg (OAT ANAK);Paket;;;;;;;
412;OBUM186;Kombinasi untuk dewasa : Paduan dalam bentuk kombipak Rifampisin kaplet 450 mg + isoniazid tablet 300 mg (OAT Sisipan);Paket; - ;;;;;;
413;OBUM187;kombinasi untuk dewasa: (Paduan dalam bentuk Kombipak) Rifampisin kaplet 450 mg + isoniazid tablet 300 mg + pirazinamid tablet 500 mg + etambutol tablet 250 mg dan 500 mg;Paket;;;;;;;
414;OBUM188;kombinasi untuk dewasa: Paduan dalam bentuk dosis tetap (KDT/FDC) Rifampisin kaplet 150 mg + isoniazid tablet 75 mg + pirazinamid tablet 400 mg + etambutol tablet 275 mg (OAT KATEGORI II);Paket;;;;;;;
415;OBUM189;kombinasi untuk dewasa: Paduan dalam bentuk dosis tetap (KDT/FDC) Rifampisin kaplet 150 mg + isoniazid tablet 150 mg (OAT KATEGORI I);Paket;;;;;;;
416;OBUM190;Kombinasi: kaolin 550 mg + pektin 20 mg;tablet;253;;;;;;
417;OBUM191;kombinasi: ipratropium Br 0,5 mg + salbutamol 2,5 mg;botol;5.700;;;;;;
418;OBUM192;Komposit resin;set;;;;;;;
419;OBUM193;Kontrasepsi oral kombinasi tablet : levonorgestrel 150 mcg + etinilestradiol 30 mcg;tablet;;;;;;;
420;OBUM194;Kotrimoksazol 240 mg : sulfametoksazol 200 mg + trimetoprim 40 mg;botol;2.052;;;;;;
421;OBUM195;Kotrimoksazol (dewasa) 480 mg : sulfametoksazol 400 mg + trimetoprim 80;tablet;121;;;;;;
422;OBUM196;Kotrimoksazol forte kombinasi 960 mg: sulfametoksazol 800 mg + trimetoprim 160 mg (HIBAH);tablet;;;;;;;
423;OBUM197;Kuinin tab 200 mg;tablet;;;;;;;
424;OBUM198;Kuinin tab 222 mg;tablet;;;;;;;
425;OBUM199;Kuinin tab 250 mg;tablet;;;;;;;
426;OBUM200;Kuinin inj 25% (i.v.);vial;;;;;;;
427;OBUM201;Levonorgestrel implan 2 rods, 75 mg (3-4 tahun);implan;;;;;;;
428;OBUM202;Lidokain inj 1 % (infltr);ampul;;;;;;;
429;OBUM203;Lidokain inj 2% (infiltr/p.v.);ampul;1.149;;;;;;
430;OBUM204;Lidokain gel 2%;gel;40.355;;;;;;
431;OBUM205;Lidokain semprot 10%;botol;177.216;;;;;;
432;OBUM206;Lidokain pasta 5% (HCl);tube;;;;;;;
433;OBUM207;Lidokain semprot 15% (HCl);botol;;;;;;;
434;OBUM208;Loratadin tab 10 mg;tablet;131;;;;;;
435;OBUM209;Lugol;botol;;;;;;;
436;OBUM210;Magnesium sulfat serb, ktg 30 g;sachet;;;;;;;
437;OBUM211;Magnesium sulfat inj 20%;ampul;;;;;;;
438;OBUM212;Magnesium sulfat inj 40%;ampul;3.796;;;;;;
439;OBUM213;Mebendazol tab 100 mg;tablet;;;;;;;
440;OBUM214;Mebendazol tab 500 mg;tablet;;;;;;;
441;OBUM215;Mebendazol sir 50 mg/mL;botol;;;;;;;
442;OBUM216;Medroksi progesteron asetat inj depo 150 mg;vial;;;;;;;
443;OBUM217;Metenamin mandelat (heksamin mandelat) tab salut enterik 500 mg;tablet salut;;;;;;;
444;OBUM218;Metformin tab 500 mg;tablet;102;;;;;;
445;OBUM219;Metformin tab 850 mg;tablet;;;;;;;
446;OBUM220;Metilergometrin tab salut 0,125 mg;tablet;225;;;;;;
447;OBUM221;Metilergometrin inj 0,2 mg/Ml;ampul;2.959;;;;;;
448;OBUM222;Metoklopramid tab 5 mg;tablet;;;;;;;
449;OBUM223;Metoklopramid tab 10 mg;tablet;108;;;;;;
450;OBUM224;Metronidazol tab 250 mg;tablet;133;;;;;;
451;OBUM225;Metronidazol tab 500 mg;tablet;133;;;;;;
452;OBUM226;Metronidazol sir 125 mg/5 mL;botol;;;;;;;
453;OBUM227;Metronidazol lar inf 5 mg/mL;botol;;;;;;;
454;OBUM228;Metronidazol ovula 500 mg;supp;;;;;;;
455;OBUM229;Mikonazol serb 2%;vial;;;;;;;
456;OBUM230;Mikonazol krim 2%;krim;3.414;;;;;;
457;OBUM231;Natrium bikarbonat tab 500 mg;tablet;;;;;;;
458;OBUM232;Natrium diklofenak tab 25 mg;tablet;128;;;;;;
459;OBUM233;Natrium diklofenak tab 50 mg;tab 50 mg;123;;;;;;
460;OBUM234;Natrium hipoklorit botol konsentrat 5%;botol;;;;;;;
461;OBUM235;Natrium tiosulfat inj 25% (i.v.);vial;;;;;;;
462;OBUM236;Nifedipin kaps 10 mg;kapsul;220;;;;;;
463;OBUM237;Nikotinamid tab 5 mg;tablet;;;;;;;
464;OBUM238;Nikotinamid tab 20 mg;tabet;;;;;;;
465;OBUM239;Nikotinamid tab 100 mg;tablet;;;;;;;
466;OBUM240;Nistatin tab salut 500.000 UI;tablet salut;790;;;;;;
467;OBUM241;Nistatin susp 100.000 UI/mL;botol;19.600;;;;;;
468;OBUM242;Nistatin tab vaginal 100.000 UI/tab;supp;598;;;;;;
469;OBUM243;Nitrofurantoin tab 50 mg;tablet;;;;;;;
470;OBUM244;Norepinefrin inj 1 mg/mL;ampul;;;;;;;
471;OBUM245;Oksigen ih, gas dlm tabung;botl;;;;;;;
472;OBUM246;Oksimetazolin tts hidung 0,025%;botol;;;;;;;
473;OBUM247;Oksimetazolin tts hidung 0,05%;botol;;;;;;;
474;OBUM248;Oksitosin inj 10 UI/mL;ampul;1.197;;;;;;
475;OBUM249;Olopatadin tts mata 0,1%;botol;;;;;;;
476;OBUM250;Omeprazol kaps 20 mg;kapsul;423;;;;;;
477;OBUM251;Omeprazol inj 40 mg/10 mL;ampul;10.393;;;;;;
478;OBUM252;Paraformaldehid tab 1 g;tablet;;;;;;;
479;OBUM253;Parasetamol tab 500 mg;tablet;74;;;;;;
480;OBUM254;Parasetamol sir 120 mg/5 mL;botol;1.074;;;;;;
481;OBUM255;Parasetamol tts 60 mg/0,6 mL;botol;;;;;;;
482;OBUM256;Pasta devitalisasi (non arsen);tube;;;;;;;
483;OBUM257;Pasta pengisi saluran akar;tube;;;;;;;
484;OBUM258;Perak nitrat lar 20%;botol;;;;;;;
485;OBUM259;Perak sulfadiazin krim 1%;pot;20.700;;;;;;
486;OBUM260;Permetrin krim 5 %;pot;11.466;;;;;;
487;OBUM261;Pirantel pamoat tab scored 125 mg;tablet score;277;;;;;;
488;OBUM262;Pirantel pamoat tab scored 250 mg;tablet score;;;;;;;
489;OBUM263;Pirantel pamoat tab 500 mg;tablet;;;;;;;
490;OBUM264;Pirantel pamoat susp 125 mg/5 mL;botol;;;;;;;
491;OBUM265;Pirazinamid tab 500 mg;tablet;;;;;;;
492;OBUM266;Piridoksin (vitamin B6) tab 10 mg;tablet;169;;;;;;
493;OBUM267;Piridoksin (vitamin B6) tab 25 mg;tablet;;;;;;;
494;OBUM268;Piridoksin (vitamin B6) inj 100 mg/mL;ampul;;;;;;;
495;OBUM269;Povidon iodin lar 100 mg/mL;botol;;;;;;;
496;OBUM270;Prazikuantel tab scored 300 mg;tablet score;;;;;;;
497;OBUM271;Prazikuantel tab scored 600 mg;tablet score;;;;;;;
498;OBUM272;Prednison 5 mg;tablet;73;;;;;;
499;OBUM273;Primakuin 15 mg;tablet;224;;;;;;
500;OBUM274;Probenesid 500 mg;tablet;;;;;;;
501;OBUM275;Prokain benzilpenisilin inj 1 juta UI/vial (i.m.);vial;;;;;;;
502;OBUM276;Prokain benzilpenisilin serb inj 3 juta UI/vial (i.m.);vial;;;;;;;
503;OBUM277;Propiltiourasil 100 mg;tablet;;;;;;;
504;OBUM278;propranolol 10 mg;tablet;;;;;;;
505;OBUM279;Ranitidin 150 mg;tablet;165;;;;;;
506;OBUM280;Retinol (vitamin A) kaps lunak 100.000 UI (DROPPING DINAS);kapsul lunak;;;;;;;
507;OBUM281;Retinol (vitamin A) kaps lunak 200.000 UI (DROPPING DINAS);kaps lunak;;;;;;;
508;OBUM282;Rifampisin 300 mg;kapsul;494;;;;;;
509;OBUM283;Salbutamol 2 mg;tablet;67;;;;;;
510;OBUM284;Salbutamol 4 mg;tablet;89;;;;;;
511;OBUM285;Salbutamol lar ih 0,5 %;botol;;;;;;;
512;OBUM286;Salbutamol botol ih 0,1%;botol;;;;;;;
513;OBUM287;Salep 2-4, kombinasi : asam salisilat 2% + belerang endap 4%;tube;3.700;;;;;;
514;OBUM288;Serum antidifteri (A.D.S) i.m 10.000 UI/vial;vial;;;;;;;
515;OBUM289;Serum antidifteri (A.D.S) i.m 20.000 UI/vial;vial;;;;;;;
516;OBUM290;Serum antirabies inj 200 UI/mL;vial;;;;;;;
517;OBUM291;Serum antirabies inj100 UI/mL;vial;;;;;;;
518;OBUM292;Serum antitetanus (A.T.S) inj 1500 UI/amp (i.m.);ampul;;;;;;;
519;OBUM293;Serum antitetanus (A.T.S) inj 10.000 UI/vial (i.m /i.v.);vial;;;;;;;
520;OBUM294;Serum antitetanus (A.T.S) inj 20.000 UI/vial (i.m /i.v.);vial;;;;;;;
521;OBUM295;Setirizin 5 mg/5 mL;botol;2.915;;;;;;
522;OBUM296;Sianokobalamin (vitamin B12) 50 mcg;tablet;88;;;;;;
523;OBUM297;Sianokobalamin (vitamin B12) 500 mcg/mL;ampul;;;;;;;
524;OBUM298;Simvastatin 10 mg;tablet salut;106;;;;;;
525;OBUM299;Simvastatin 20 mg;tabet salut;;;;;;;
526;OBUM300;Siprofloksasin 500 mg;tablet scored;370;;;;;;
527;OBUM301;Spironolakton 25 mg;tablet;;;;;;;
528;OBUM302;Streptomisin 1000 mg/vial;vial;;;;;;;
529;OBUM303;Surgical ginggival pack;pasta;;;;;;;
530;OBUM304;Tetanus toxoid;vial;;;;;;;
531;OBUM305;Tetrakain 0,5%;botol;;;;;;;
532;OBUM306;Tetrasiklin 250 mg;kapsul;168;;;;;;
533;OBUM307;Tetrasiklin 500 mg;kapsul;310;;;;;;
534;OBUM308;Tiamin (vitamin B1) 50 mg;tablet;86;;;;;;
535;OBUM309;Triheksifenidil 2 mg;tablet;83;;;;;;
536;OBUM310;Tuberkulin protein purified derivative 1:10 (i.k.);ampul; - ;;;;;;
537;OBUM311;Vaksin BCG;vial;;;;;;;
538;OBUM312;Vaksin campak;vial;;;;;;;
539;OBUM313;Vaksin jerap difteri tetanus pertusis (DTP);vial;;;;;;;
540;OBUM314;Vaksin jerap difteri tetanus (DT);vial;;;;;;;
541;OBUM315;Vaksin jerap tetanus (tetanus adsorbed toxoid;vial;;;;;;;
542;OBUM316;Vaksin kombinasi DPT + hepatitis B;vial;;;;;;;
543;OBUM317;Vaksin polio;botol;;;;;;;
544;OBUM318;Vaksin rabies, untuk manusia;vial;;;;;;;
545;OBUM319;Valproat 250 mg;tablet salut;;;;;;;
546;OBUM320;Valproat 500 mg;tablet salut;;;;;;;
547;OBUM321;Valproat 250 mg/5 mL;botol;;;;;;;
548;OBUM322;Vitamin B kompleks;tablet;131;;;;;;
549;OBUM323;Zinc 10 mg/mL;botol;;;;;;;
550;OBUM324;Zinc 20 mg ;tablet disp;;;;;;;
551;OBUM325;Zinc 20 mg/5 mL;botol;2.489;;;;;;
552;OBUM326;Zinc 10 mg;;;;;;;;
553;OBUM327;Akarbose tab 100 mg;Tablet;;;;;;;
554;OBUM328;Alprazolam tab 0,5 mg;Tablet;671;;;;;;
555;OBUM329;Alprazolam tab 1 mg;Tablet;;;;;;;
556;OBUM330;Alumunium Hidroksida, Magnesium Hidroksida, Simethicone ;Botol;;;;;;;
557;OBUM331;Ambroksol Drop 7.5 Mg/ml ;Botol;;;;;;;
558;OBUM332;Ambroksol Syr 15mg/5ml 60 Ml;Botol;3.300;;;;;;
559;OBUM333;Ambroksol Syr 30mg/5ml 60 Ml;Botol;;;;;;;
560;OBUM334;Ambroksol Tablet 30 Mg;Tablet;109;;;;;;
561;OBUM335;Amiodaron tab 200 mg;Tablet;;;;;;;
562;OBUM336;Amiodaron inj 150 mg/3 ml;Ampul;;;;;;;
563;OBUM337;Amoksisilin drop 100 mg/ml;Botol;;;;;;;
564;OBUM338;Amoksisilin kaps. 250 mg;Kapsul;179;;;;;;
565;OBUM339;Amoksisilin sirup kering 125mg/5ml;Botol;3.500;;;;;;
566;OBUM340;Amoksisilin 125 mg + Kalium Klavulanat 31,25 mg sirup;Botol;;;;;;;
567;OBUM341;Amoksisilin 250 mg + Kalium Klavulanat 62,5 mg sirup;Botol;;;;;;;
568;OBUM342;Amoksisilin 500 mg + Kalium klavulanat 125 mg ;Tablet;;;;;;;
569;OBUM343;Ampisilin tablet 500 mg;Tablet;392;;;;;;
570;OBUM344;Ampisilin 1 gram + Sulbaktam 500 mg injeksi;Vial;;;;;;;
571;OBUM345;Ampisilin 500 mg + Sulbaktam 250 mg;Vial;;;;;;;
572;OBUM346;Amylase, protease, lipase, desoxycholic acid, dimethylpolysiloxane, vit B1, vit B2, vit B6, vit B12, niacinamide, Ca pantothenate tablet;Tablet;;;;;;;
573;OBUM347;Antalgin Tablet 500 Mg;Tablet;228;;;;;;
574;OBUM348;Antalgin injeksi;Ampul;;;;;;;
575;OBUM349;Antibakteri, kombinasi : basitrasin 500 UI/g+  Polimiskin B 10.000 UI/g                           ;Tube;3.035;;;;;;
576;OBUM350;Antimigrain DOEN kombinasi : Ergotamin + Caffein;Tablet;185;;;;;;
577;OBUM351;Aquadest steril 500 ml;Botol;42.900;;;;;;
578;OBUM352;Antidulafungin 100 mg injeksi;Ampul;;;;;;;
579;OBUM353;Aripiprazol 10 mg tablet;Tablet;;;;;;;
580;OBUM354;Asam asetilsalisilat tab 500 mg;Tablet;;;;;;;
581;OBUM355;Asam asetilsalisilat tab 100 mg;Tablet;;;;;;;
582;OBUM356;Asam askorbat (vitamin C) tab 100 mg;Tablet;;;;;;;
583;OBUM357;Asam askorbat (vitamin C) tab 25 mg;Tablet;;;;;;;
584;OBUM358;As.Folat, ß-Carotene, Vit.B1, B2, B6, Ca.Pantothenate, Ca carbonate, vitamin D3, vitamin K1, biotin, besi glukonat, IPC, DHA, ARA;Tablet;;;;;;;
585;OBUM359;Asam Risedronic tablet 35 mg;Tablet;;;;;;;
586;OBUM360;Asam pipemidat 400 mg (Urinter);Tablet;1.494;;;;;;
587;OBUM361;Asam traneksamat tab 500 mg;Tablet;1.260;;;;;;
588;OBUM362;Asam traneksamat injeksi;Ampul;1.748;;;;;;
589;OBUM363;Asefillin Piperazine injeksi 500 mg/5 ml;Ampul;;;;;;;
590;OBUM364;Asetazolamide tab 250 mg (glaucon);Tablet;;;;;;;
591;OBUM365;Asiklovir injeksi;Vial;;;;;;;
592;OBUM366;Asiklovir Krim 5 %;Tube;5.577;;;;;;
593;OBUM367;Astasantin kapsul;Kapsul;;;;;;;
594;OBUM368;Atorvastatin 10 Mg Tab;Tablet;;;;;;;
595;OBUM369;Atorvastatin 20mg tab;Tablet;;;;;;;
596;OBUM370;Azitromisin tab 500 mg;Tablet;1.778;;;;;;
597;OBUM371;Azitromisin tab 250 mg;Tablet;;;;;;;
598;OBUM372;Azitromisin 500mg inj;Vial;;;;;;;
599;OBUM373;Besi II Sulfat , Folic acid, Magnesium, Vit A, Copper, vit B ;botol;;;;;;;
600;OBUM374;Betahistine tablet 6 mg;Tablet;110;;;;;;
601;OBUM375;Beta karoten 6000 IU, Extract billberry 80 mg, Vitamin C 100 mg, Vitamin E 25 mg, Lutein 3 mg, Lycopene 2 mg, Zn 10 mg;Tablet;;;;;;;
602;OBUM376;Betametason valerat 0,1 % +  neomisin sulfat 0,5 %;Tube;;;;;;;
603;OBUM377;Betamethasone valerate 0.1% + Gentamicin sulfate 0.1%;Tube;;;;;;;
604;OBUM378;Bisoprolol 1.25 mg (Concor);tablet;635;;;;;;
605;OBUM379;Bisoprolol 5 mg;Tablet;;;;;;;
606;OBUM380;Borak Glyserol 5 % larutan (GOM);Botol;3.465;;;;;;
607;OBUM381;Bromheksin HCl 4 mg/2ml injeksi;Ampul;;;;;;;
608;OBUM382;Bromheksin HCl Elixir 4 Mg/5 Ml 60 Ml;Botol;;;;;;;
609;OBUM383;Bromheksin HCl Sol 2mg/ml 50 Ml;Botol;84.920;;;;;;
610;OBUM384;Bromheksin HCl Tablet 8 Mg;Tablet;65;;;;;;
611;OBUM385;Celecoxib 100 mg;Tablet;;;;;;;
612;OBUM386;Celecoxib 200 mg;Tablet;;;;;;;
613;OBUM387;Chlorhexidine;Botol;;;;;;;
614;OBUM388;Clidinium Br 2.5 Mg, Chlordiazepoxide 5 Mg.;Tablet;;;;;;;
615;OBUM389;Curcuma Root Sirup;Botol;;;;;;;
616;OBUM390;Curcumaminoid, B1, B2, B6, B12, B caroten;Tablet;;;;;;;
617;OBUM391;Deksketoprofen injeksi 50 mg;Ampul;;;;;;;
618;OBUM392;Deksketoprofen tablet 25 mg ;Tablet;;;;;;;
619;OBUM393;Dekspanthenol krim 5 %;Tube;;;;;;;
620;OBUM394;Desonide Krim 0,05 % ;Tube;30.000;;;;;;
621;OBUM395;Dextromethorphan, maleate, phenylephrine sirup (Dextral Syr);Botol;7.178;;;;;;
622;OBUM396;Diazepam 2 mg + Metampiron 500 mg;Tablet;;;;;;;
623;OBUM397;Dibasic Ca phosphate 200 mg, Ca lactate 100 mg, vit B6 20 mg, vit C 25 mg, vit D3 100 IU tablet;Tablet;;;;;;;
624;OBUM398;Dibekacin Vial 100 mg/2 ml;Ampul;;;;;;;
625;OBUM399;Dibekacin vial 50 mg/ 2 ml;Ampul;;;;;;;
626;OBUM400;Diosmin 450 mg + hesperidin 50 mg tablet;Tablet;;;;;;;
627;OBUM401;Domperidone Suspensi;Botol;2.455;;;;;;
628;OBUM402;Dopamine HCL Injeksi.;Ampul;;;;;;;
629;OBUM403;Drop per ml : Isothipendyl HCl 1 mg, acetaminophen 120 mg, phenylephrine HCl 1 mg ;Botol;;;;;;;
630;OBUM404;Efedrin HCl tablet 25 mg;Tablet;184;;;;;;
631;OBUM405;Ekstrak Belladona tab 10 mg;Tablet; - ;;;;;;
632;OBUM406;Ekstrak plasenta 10 %, neomisin sulfat 0.5 % Gel (Bioplacenton) (neocenta gell);Tube;18.500;;;;;;
633;OBUM407;Ekstrak plasenta 15 mg, Vitamin B12 20 mcg, dan tribasic calcium phosphate 12 mcg. ;Tablet;;;;;;;
634;OBUM408;Elemen Besi + Asam Folat oral drop 15 mg/ml;Botol;;;;;;;
635;OBUM409;Entecavir 0.5 mg;Tablet;;;;;;;
636;OBUM410;Eperisone Tablet ;Tablet;;;;;;;
637;OBUM411;Erdosteine sirup 175 mg/5 ml;Botol;;;;;;;
638;OBUM412;Eritromisin tab 500 mg;Tablet;750;;;;;;
639;OBUM413;Estazolam Tablet 2 Mg;Tablet;;;;;;;
640;OBUM414;Ethamsilat injeksi 250 mg;Ampul;;;;;;;
641;OBUM415;Etoricoxib tab 60 mg;Tablet;;;;;;;
642;OBUM416;Famotidin tab 40 mg;Tablet;;;;;;;
643;OBUM417;Fenilbutazon tab 200 mg;Tablet;;;;;;;
644;OBUM418;Fenobarbital inj. 50 mg/ml;Ampul;;;;;;;
645;OBUM419;Flavoxate hidroklorida 200 mg;Tablet;;;;;;;
646;OBUM420;Florometolon 1 mg + Neomisin sulfat 3.5 mg/ml;Botol;;;;;;;
647;OBUM421;fludrocortisone, lidocaine, neomysin, polymiksin B tetes telinga (Ottopain);Botol;22.000;;;;;;
648;OBUM422;Fluphenazine dekanoat injeksi 25 mg/ml;Ampul;63.986;;;;;;
649;OBUM423;Flukonazole kaps 150 mg (HIBAH);Kapsul;;;;;;;
650;OBUM424;Flunarizin tablet 10 mg;Tablet;;;;;;;
651;OBUM425;Flunarizin tablet 5 mg;Tablet;;;;;;;
652;OBUM426;Fluorometolon tts mata 0,1%;Botol;;;;;;;
653;OBUM427;Fluoxetine tab;tablet;;;;;;;
654;OBUM428;Fosfomisin Vial 2 G;Vial;;;;;;;
655;OBUM429;Fradiomisin Sulfat 2,5 mg, Gramisidin-S HCl 1 mg tablet;Tablet;;;;;;;
656;OBUM430;Framisetin sulfat kassa steril;Lembar;24.200;;;;;;
657;OBUM431;Fructus schizandrae extract siccum 7,5mg;Kapsul;;;;;;;
658;OBUM432;Gatifloxacin tetes mata;Botol;;;;;;;
659;OBUM433;Gemfibrozil tab 300 mg;tablet;496;;;;;;
660;OBUM434;Gentamisin injeksi 40 mg/ml;Ampul;3.399;;;;;;
661;OBUM435;Gentamisin sulfat salep mata;Tube;;;;;;;
662;OBUM436;Gentamisin tts mata 0,3%;Botol;4.232;;;;;;
663;OBUM437;Gentamisin Salep Kulit ;Tube;2.324;;;;;;
664;OBUM438;Gentian Violet Larutan 1 %;Botol;3.135;;;;;;
665;OBUM439;Gliseril guaiakolat 100 mg;Tablet;90;;;;;;
666;OBUM440;Glikuidon tablet;Tablet;;;;;;;
667;OBUM441;Glucosamin Hcl 500 Mg + Kondroitin Sulfat 400 Mg;Kaplet ;;;;;;;
668;OBUM442;Glucosamin Tablet 250 Mg;Tablet;;;;;;;
669;OBUM443;Glucosamin tablet 500 mg;Tablet;;;;;;;
670;OBUM444;Glucosamine sulphate 500 mg, chondroitin sulfate 400 mg, vit C 50 mg, manganese 0.5 mg, Mg 10 mg, selenium 10 mcg, Zn 5 mg, MSM 350 mg tablet;Tablet;;;;;;;
671;OBUM445;Glukosa 70% (Dextran 70) larutan steril;Botol;;;;;;;
672;OBUM446;Glukosa 40% larutan infus;Botol;10.000;;;;;;
673;OBUM447;Glukosa 10% larutan infus;Botol;;;;;;;
674;OBUM448;Glukosa 5% larutan infus;Botol;6.627;;;;;;
675;OBUM449;Granisetron injeksi 3 mg;Ampul;;;;;;;
676;OBUM450;Hidrokortison krim 0,5%;Tube;;;;;;;
677;OBUM451;Hidrokortison krim 1%;Tube;;;;;;;
678;OBUM452;Hidrokortison 0.5 % + Kloramfenikol 0.2 % salep mata 3,5 g;Tube;;;;;;;
679;OBUM453;Hyoscine-N-butylbromide 10 mg, Paracetamol 500 mg;Tablet;;;;;;;
680;OBUM454;Hyoscine-N-butylbromide 20 mg/ml injeksi;Ampul;7.920;;;;;;
681;OBUM455;Ibuprofen Supp 125mg;Suppos;;;;;;;
682;OBUM456;Ichtyol salep ( salep hitam );pot;6.710;;;;;;
683;OBUM457;Ilberry extract, gliserin, gelatin, minyak sayur;Botol;;;;;;;
684;OBUM458;Imipenem Cilastatin Vial 1 G;Vial;;;;;;;
685;OBUM459;Ion Natrium & Kalium dengan Benzalkonium Cl tetes mata;Botol;;;;;;;
686;OBUM460;Isoksuprine Hcl Injeksi;Ampul;;;;;;;
687;OBUM461;Isoksuprine Tablet 20 Mg;Tablet;;;;;;;
688;OBUM462;Itraconazole Kapsul 100 Mg;Kapsul;;;;;;;
689;OBUM463;Kalium Diklofenak 25 mg tablet;Tablet;309;;;;;;
690;OBUM464;Kalium Diklofenak 50 Mg  Tablet ;Tablet;190;;;;;;
691;OBUM465;Kalium Permanganat ( PK );pot;4.950;;;;;;
692;OBUM466;Kalium L-Aspartat tab 300 mg;Tablet;;;;;;;
693;OBUM467;Kanamisin Inj. 1 G;Vial;11.000;;;;;;
694;OBUM468;Kaolin + Pektin Sirup ;Botol;3.510;;;;;;
695;OBUM469;Kaplet mengandung:Acetaminofen 500 mg, Gliseril guaiacolat 50 mg, Fenilpropanolamin HCl 15 mg, Dekstrometorfan HBr 15 mg, Chlorfeniramine maleat;Kaplet ;;;;;;;
696;OBUM470;Kaptopril tablet 50 mg;Tablet;;;;;;;
697;OBUM471;Karbazochrom Na. Inj.;Ampul;;;;;;;
698;OBUM472;Karboksimetilselulosa 5 mg tetes mata (cenfresh) minidose;pcs;5.060;;;;;;
699;OBUM473;Ketoacid essensial;Tablet;;;;;;;
700;OBUM474;Ketokonazole krim ;Tube;2.518;;;;;;
701;OBUM475;Ketoprofen Injeksi ;Ampul;;;;;;;
702;OBUM476;Ketoprofen Suppos;Suppos;2.380;;;;;;
703;OBUM477;Ketoprofen Tablet 100 Mg;Tablet;;;;;;;
704;OBUM478;Ketorolac injeksi 10 mg/ml;Ampul;1.089;;;;;;
705;OBUM479;Ketorolac tablet 10 mg;Tablet;;;;;;;
706;OBUM480;Ketotifen sirup 0,2 mg/ml;Botol;;;;;;;
707;OBUM481;Ketotifen tablet 1 mg;Tablet;;;;;;;
708;OBUM482;Klindamisin kaps. 150 mg;Kapsul;;;;;;;
709;OBUM483;Klindamisin kaps. 300 mg;Kapsul;1.300;;;;;;
710;OBUM484;Klobazam tab 10 mg;Tablet;705;;;;;;
711;OBUM485;Klobetasol 10 G Krim;Tube;;;;;;;
712;OBUM486;Klobetasol Propionat Salep;Tube;;;;;;;
713;OBUM487;Klopidogrel tab 75 mg;Tablet;1.318;;;;;;
714;OBUM488;Kloramfenikol kaps. 500 mg;Kapsul;1.163;;;;;;
715;OBUM489;Kloramfenikol 2% + Hydrokortison 2,5% krim (armacort);Tube;7.700;;;;;;
716;OBUM490;Kloramfenikol Basa + Prednisolone krim;Tube;;;;;;;
717;OBUM491;Kloramfenikol tetes telinga 3 % ;Botol;7.500;;;;;;
718;OBUM492;Klozapine tab 25 mg;Tablet;1.121;;;;;;
719;OBUM493;Kodein 30 mg + feniltoloksamin 10 mg;Botol;;;;;;;
720;OBUM494;Setiap tablet tambah darah SEKURANGNYA mengandung Zat besi setara dengan 60 mg besi elemental (dalam bentuk sediaan Ferro) Asam folat 0,400 mg (DROPPING DINAS);Tablet;;;;;;;
721;OBUM495;Kombinasi : MedroksiprogesteronAsetat  50 mg, Estradiol Sipinoat 10 mg (Cyclofem Inj.);Vial;;;;;;;
722;OBUM496;Kombinasi Larutan Infus Per L : Ca++ 3 mEq, Na+ 130 mEq, Cl- 109 mEq, Asetat 28 mEq (Asering Infus);Botol;;;;;;;
723;OBUM497;Kombinasi Larutan Infus Per L: NaCl 1,75 g, KCL 1,5 g, Na. Laktat 2, 24 g, Dekstrosa Anhidrat 27 g (KAEN 3B);Botol;;;;;;;
724;OBUM498;Kombinasi Fe, Asam folat, Vitamin B;Kapsul;;;;;;;
725;OBUM499;Kombinasi Metampiron 500 mg + Vit B tablet;Tablet;;;;;;;
726;OBUM500;Kombinasi Suspensi Parafin+Gliserin+Fenolftalein;Botol;;;;;;;
727;OBUM501;Kortison Acetat Inj 5 ml;Vial;;;;;;;
728;OBUM502;Lactobacillus serbuk;Sachet;;;;;;;
729;OBUM503;Lansoprazole kaps. 40 mg;Kapsul;;;;;;;
730;OBUM504;Levofloxacin tab 500 mg;Tablet;;;;;;;
731;OBUM505;Levofloxacin Tetes Mata;Botol;;;;;;;
732;OBUM506;Larutan mengandung Lipid (Emulsi lemak 20%);Botol;;;;;;;
733;OBUM507;Lecithin 100 mg + Serratiopeptidase 5 mg + pancreatin 25 mg kapsul;Kapsul;;;;;;;
734;OBUM508;Lincomycin 500 MG;Kapsul;1.251;;;;;;
735;OBUM509;Linezolid infus 600 mg;Botol;;;;;;;
736;OBUM510;Lisinopril tab 10 mg;Tablet;;;;;;;
737;OBUM511;Loperamide tab 2 mg;Tablet;143;;;;;;
738;OBUM512;Losartan tab 50 mg;Tablet;;;;;;;
739;OBUM513;Loratadine 5 mg, pseudoephedrine sulfate 120 mg;Tablet;;;;;;;
740;OBUM514;L-Ornithine-L-Aspartate injeksi 500 mg/ml;Ampul;;;;;;;
741;OBUM515;Mekobalamin 500 Mcg;Kapsul;;;;;;;
742;OBUM516;Mekobalamin 250 Mcg;Kapsul;;;;;;;
743;OBUM517;Mekobalamin Injeksi;Ampul;;;;;;;
744;OBUM518;Meloksikam Tablet 15 Mg;Tablet;;;;;;;
745;OBUM519;Meloksikam Tablet 7,5 Mg;Tablet;;;;;;;
746;OBUM520;Menadion ( Vit K 3) Amp 10 mg/ml;Ampul;;;;;;;
747;OBUM521;Metampiron 500 mg + Thiamin HCl50 mg + Pridoksin HCl 10 mg + Sianokobalamin HCl 10 mcg + Trimetilsantin 50 mg tablet (Neuralgin);Tablet;539;;;;;;
748;OBUM522;Methildopa tablet 250 mg;Tablet;946;;;;;;
749;OBUM523;Methil prednisolone tab 4 mg;Tablet;300;;;;;;
750;OBUM524;Methil prednisolone tab 8 mg;Tablet;;;;;;;
751;OBUM525;Methil prednisolone tab 16 mg;Tablet;400;;;;;;
752;OBUM526;Methisoprinol 250 mg/5 ml sirup 60 ml;Botol;;;;;;;
753;OBUM527;Methisoprinol Tablet 500 Mg;Tablet;;;;;;;
754;OBUM528;Methyl salicylate 102 mg, menthol 54.4 mg, eugenol 13.6 mg krim (Molakrim);Tube;8.382;;;;;;
755;OBUM529;Metoklopramide injeksi 5 mg/5 ml;Ampul;3.960;;;;;;
756;OBUM530;Metoklopramide 5 mg/5ml sirup 60 ml;Botol;;;;;;;
757;OBUM531;Metronidazole 500 mg + nystatin 100.000 iu ovula;Ovula;;;;;;;
758;OBUM532;Micobacterium Tuberculosisi 0,4 mcg + disodium fosfat 7,6 mg+Potasium fosfat 1,45 mg +sodium klorida 4,8 mg (PPD RT23);Vial; - ;;;;;;
759;OBUM533;Milrinone injeksi;Vial;;;;;;;
760;OBUM534;Misoprostol Tablet 200 Mcg;Tablet;5.434;;;;;;
761;OBUM535;Moksifloksasin tts mata 0,5%;Botol;;;;;;;
762;OBUM536;Multivitamin + Lysine Drop;botol;;;;;;;
763;OBUM537;Multivitamin + Lysine Sirup Anak;Botol;4.273;;;;;;
764;OBUM538;Mupirosin Krim;Tube;;;;;;;
765;OBUM539;Na Hyaluronat 0.1% tetes mata;Botol;;;;;;;
766;OBUM540;Na lauril sulfoasetat 45 mg, Na sitrat 450 mg, asam sorbat 5 mg, PEG-400 625 mg, sorbitol 4.465 mg;Tube;;;;;;;
767;OBUM541;NaCL 0,9% 100 ml;Botol;;;;;;;
768;OBUM542;NaCL 0,9% 500 ml;botol;6.800;;;;;;
769;OBUM543;Naftidrofuryl Oxalate tablet 100 mg;Tablet;;;;;;;
770;OBUM544;Natium diklofenak tetes mata 1 mg;Botol;;;;;;;
771;OBUM545;Natrium diklofenak gel 1% ;Tube;;;;;;;
772;OBUM546;Natrium dokusate tetes telinga 5 mg;Botol;;;;;;;
773;OBUM547;Neomisin 3,5 mg + Polimiksin 16.250 IU + Fenilefrin 1,2 mg + asam borat 1,769 mg/ ml tetes mata ;Botol;;;;;;;
774;OBUM548;Neomisin sulfat 3,5 mg + polimiksin B sulfat 10000 iu + deksametason sodium fospat 1 mg tetes mata;Botol;;;;;;;
775;OBUM549;neomycin sulfate setara dengan neomycin base 3.5 mg polymixin b sulfate 10000 iu dan dexamethason sodium phosphate 1 mg ;Botol;;;;;;;
776;OBUM550;Nifuroksazide sirup 250 mg/5 ml;Botol;;;;;;;
777;OBUM551;Nitrogliserin injeksi 10 mg;Ampul;;;;;;;
778;OBUM552;Norephineprine injeksi;Ampul;;;;;;;
779;OBUM553;Noretisteron tab 5 mg;Tablet;;;;;;;
780;OBUM554;Obat Batuk Pilek Sirup Anak (Mengandung Pseudoefedrin, Tanpa Parasetamol);Botol;;;;;;;
781;OBUM555;Obat Batuk Pilek Sirup Anak (Mengandung Parasetamol) (BabyCough);Botol;3.850;;;;;;
782;OBUM556;Obat Batuk Hitam (OBH) sirup;Botol;3.850;;;;;;
783;OBUM557;Ofloksasin 2 Mg/ml Infus 100 Ml;bag;;;;;;;
784;OBUM558;Ofloksasin 3 mg tetes mata mini dose 0.6 ml;strip;;;;;;;
785;OBUM559;Ofloxacin 3mg/ml tetes telinga;Botol;;;;;;;
786;OBUM560;Oksitetrasiklin Salep Kulit 3 %;Tube;1.959;;;;;;
787;OBUM561;Ondansetron injeksi 4mg;Ampul;1.124;;;;;;
788;OBUM562;Ondansetron tab 8 mg;Tablet;;;;;;;
789;OBUM563;Ossein hydroxyapatite compound tablet 800 mg ;Tablet;;;;;;;
790;OBUM564;Otilonium Br;Tablet;;;;;;;
791;OBUM565;Oxytetrasiklin salep Kulit;Tube;;;;;;;
792;OBUM566;Oxytetrasiklin salep mata;Tube;2.500;;;;;;
793;OBUM567;Pantoprazole Injeksi  40 Mg ;Vial;;;;;;;
794;OBUM568;Pantoprazole kapsul 20 mg;Kapsul;;;;;;;
795;OBUM569;Papaverin injeksi;Ampul;;;;;;;
796;OBUM570;Papaverin 40 mg tablet;Tablet;117;;;;;;
797;OBUM571;Paracetamol 500mg, Phenylpropanolamine HCl 12,5mg, chlorpheniramine maleate 2mg (Molexflu);Tablet;393;;;;;;
798;OBUM572;Parasetamol 500 mg + n-asetilsitein 200 mg tablet;Tablet;;;;;;;
799;OBUM573;Parasetamol supp 80 mg;Suppos;;;;;;;
800;OBUM574;Parasetamol supp 125 mg;Suppos;15.510;;;;;;
801;OBUM575;Parasetamol supp 160 mg;Suppos;;;;;;;
802;OBUM576;Parasetamol supp 240 mg;Suppos;;;;;;;
803;OBUM577;Parasetamol supp 250mg;Suppos;21.670;;;;;;
804;OBUM578;Parekoksib injeksi 40 mg/2 ml;Ampul;;;;;;;
805;OBUM579;Piperacillin 4 g, tazobactam 500 mg injeksi;Vial;;;;;;;
806;OBUM580;PIRASETAM 12gr 60ml infus;Vial;;;;;;;
807;OBUM581;PIRASETAM 1gr injeksi;Ampul;;;;;;;
808;OBUM582;Pirasetam Amp 3 G;Ampul;;;;;;;
809;OBUM583;Pirasetam tablet 800 mg;Tablet;;;;;;;
810;OBUM584;Pirasetam tablet 1200 mg;Tablet;;;;;;;
811;OBUM585;Pirenoxin Sodium 0.05 mg/ml tts mata;Botol;;;;;;;
812;OBUM586;Piroksikam 15 mg gel;Tube;;;;;;;
813;OBUM587;Piroksikam Tablet 10 Mg;Tablet;90;;;;;;
814;OBUM588;Piroksikam Tablet 20 Mg;Tablet;94;;;;;;
815;OBUM589;Polimiksin B sulfat 10.000 UI, Neomisin sulfat 5 mg, Fludokortison asetat 1 mg, Lidokain HCl 40 mg;Ampul;;;;;;;
816;OBUM590;Polikresulen 10 ml (Albothyl);Botol;26.675;;;;;;
817;OBUM591;Polivinilpirolidon 20 mg tetes mata;Botol;;;;;;;
818;OBUM592;Polymixin b-sulfat 1.000.000 IU, Neomisin sulfat 0.5 mg, Fludokortison asetat 100 mg, Lidokain HCl 4 g, PEG, Gliserin Tetes telinga;Botol;;;;;;;
819;OBUM593;Povidon Iodine Gargle 1%;Botol;;;;;;;
820;OBUM594;Pregabalin kapsul 150 mg;Kapsul;;;;;;;
821;OBUM595;Pregabalin kapsul 75 mg;Kapsul;;;;;;;
822;OBUM596;Preparat optalmik tetes mata;Botol;;;;;;;
823;OBUM597;Propanolol tab 40 mg;Tablet;;;;;;;
824;OBUM598;Pseudoefedrin 7,5 mg Drop;Botol;;;;;;;
825;OBUM599;Pseudoefedrin HCL 15 mg + Terfenadine HCl 20 mg/ml sirup;Botol;;;;;;;
826;OBUM600;Pseudoefedrin HCl 30 mg + Terfenadin 40 mg;Tablet;;;;;;;
827;OBUM601;Pseudoefedrin Hcl 60 mg + Loratadin 5 mg;Tablet;;;;;;;
828;OBUM602;Pseudoephedrine Hcl 15 mg + klorfeniramin maleat 1 mg sirup;Botol;;;;;;;
829;OBUM603;Pseudoephedrine HCl 30 mg + Brompheniramine maleat 2 mg/5 ml sirup;Botol;;;;;;;
830;OBUM604;Pseudoephedrine Hcl 30 mg, Triprolidine 2,5 mg tab ;Tablet;;;;;;;
831;OBUM605;Pulmicort Respules 0,25 mg/ml (anak) @ 2 ml;Ampul ;9.725;;;;;;
832;OBUM606;Pulmicort Respules 0,50 mg/ml (dewasa) @ 2 ml;Ampul ;;;;;;;
833;OBUM607;Pure lecithin (PPC 95%) 300 mg, vit B1 6 mg, vit B2 6 mg, vit B6 6 mg, vit B12 6 mcg, vit E 10 mg, nicotinamide 30 mg kapsul;Kapsul;;;;;;;
834;OBUM608;Ramipril tab 5 mg;Tablet;;;;;;;
835;OBUM609;Ranitidin injeksi ;Ampul;1.155;;;;;;
836;OBUM610;Ranitidin sirup 75 mg/5 ml ;Botol;;;;;;;
837;OBUM611;Rebamipide 100 Mg Tablet;Tablet;;;;;;;
838;OBUM612;Recombinan hepatitis B inj 10 mcg/0.5 mL (syringe) 0.5 mL;Ampul;;;;;;;
839;OBUM613;Reserpin tab 0,25 mg;Tablet;;;;;;;
840;OBUM614;Retinol (Vitamin A) 6000 UI;Kapsul;350;;;;;;
841;OBUM615;Rifampisin kaps. 600 mg;Kapsul;;;;;;;
842;OBUM616;Rifampisin kaps. 450 mg;Kapsul;594;;;;;;
843;OBUM617;Ringer Laktar (RL) Larutan Infus;Botol;7.630;;;;;;
844;OBUM618;Risperidone tab 2 mg;Tablet;287;;;;;;
845;OBUM619;Rivanol (ETAKRIDIN);Botol;2.550;;;;;;
846;OBUM620;Rocuronium Bromide;Vial;;;;;;;
847;OBUM621;Ropivacain hidroklorida injeksi 2 mg/ml;Vial;;;;;;;
848;OBUM622;Salbutamol sulfat rotacaps 200 mcg;Kapsul;200;;;;;;
849;OBUM623;Salbutamol sulfat injeksi 2,5 mg/ml (Ventolin Nebules);Ampul;13.750;;;;;;
850;OBUM624;Sefadroksil kaps. 500 mg;Kapsul;508;;;;;;
851;OBUM625;Sefadroksil kaps. 250 mg;Kapsul;;;;;;;
852;OBUM626;Sefadroksil sirup kering ;Botol;;;;;;;
853;OBUM627;Sefaleksin kaps. 500 mg;Kapsul;;;;;;;
854;OBUM628;Sefiksim kapsul/kaplet 200 mg;Kapsul;;;;;;;
855;OBUM629;Sefiksim kapsul/kaplet 100 mg;Kapsul;387;;;;;;
856;OBUM630;Sefiksim sirup kering 100 mg/5ml;Botol;;;;;;;
857;OBUM631;Sefoperazone + Sulbactam Vial 1 G;Vial;;;;;;;
858;OBUM632;Sefotiam dihidroklorida 1 gram injeksi;Vial;;;;;;;
859;OBUM633;Sefotaksim serbuk injeksi 1 G;Vial;6.415;;;;;;
860;OBUM634;Seftriaksone serbuk injeksi 1 G;Vial;3.330;;;;;;
861;OBUM635;Septocain Inj. (Articane  HCL dan Epinephrine);Ampul;;;;;;;
862;OBUM636;Setirizine tablet 10 mg;Tablet;90;;;;;;
863;OBUM637;Setirizine drop;Botol;;;;;;;
864;OBUM638;Sianokobalamin (vitamin B12) tab 50 mcg;Tablet;;;;;;;
865;OBUM639;Simetidine tab 200 mg;Tablet;;;;;;;
866;OBUM640;Siprofloksasin 3 mg/ml tetes mata;Botol;;;;;;;
867;OBUM641;Sitikolin Amp 1000 mg/8 ml;Ampul;;;;;;;
868;OBUM642;Sitikolin Amp 500 mg/4 ml;Ampul;;;;;;;
869;OBUM643;Sitikolin Amp 125mg/ml 2ml;Ampul;;;;;;;
870;OBUM644;Sitikolin Tablet 1000 Mg;Tablet;;;;;;;
871;OBUM645;Sitikolin Tablet 500 Mg;Tablet;;;;;;;
872;OBUM646;Sodium Klorida Semprot Hidung;Botol;;;;;;;
873;OBUM647;"Monoammonium glycyrrhizinate (sebagai glycyrrhizin) 4 mg
Aminoacetic acid 40 mg
L-cystein hydrochloride 2 mg Injeksi";Ampul;;;;;;;
874;OBUM648;Sulpirida tablet 200 mg;Tablet;;;;;;;
875;OBUM649;Sulpirida tablet 50 mg;Tablet;;;;;;;
876;OBUM650;Tablet Flu Batuk Bromheksin, Difenhidramin, Parasetamol;Tablet;;;;;;;
877;OBUM651;Tetes Mata : CaCl2 anhidrat 0.075 gr, Kalium iodida 0.075 gr, Na Tiosulfat 0.005 gr, Fenilmerkuri nitrat 0.3 mg Mini Dose ;Strip;;;;;;;
878;OBUM652;Tetes Mata : CaCl2 anhidrat 0.075 gr, Kalium iodida 0.075 gr, Na Tiosulfat 0.005 gr, Fenilmerkuri nitrat 0.3 mg;Botol;;;;;;;
879;OBUM653;Tetes Mata : Dexamethasone/Deksametason 0,1 %, Neomisin sulfat 3,5 mg/mL, Polimiksin B sulfat 6000 iu/mL. Mini Dose (Cendo Xitrol);Strip;4.987;;;;;;
880;OBUM654;Tetes Mata : Deksametason 0,1%, Neomisin sulfat 3,5 mg, Polimiksin-B-Sulfat 6000 UI ;Botol;;;;;;;
881;OBUM655;Tetes Mata : HPMC 5 mg, Dextran (70) 1 mg.;pcs;4.600;;;;;;
882;OBUM656;Tetes Mata : HPMC 5 mg, Dextran (70) 1 mg Tetes mata;Botol;;;;;;;
883;OBUM657;tetesMata :Tobramisin 3 mg + Deksametason 1 mg mini dose/ml.;Strip;;;;;;;
884;OBUM658;tetes Mata : Tobramisin 3 mg + Dexamethason 1 mg/ml.;Botol;;;;;;;
885;OBUM659;Thiamphenicol sirup 125/5ml;Botol;10.500;;;;;;
886;OBUM660;Tiamfenikol kapsul 500 mg;Kapsul;762;;;;;;
887;OBUM661;Tiap 100 gram mengandung Heparin sodum 20.000 IU;Tube;;;;;;;
888;OBUM662;Tigesiklin injeksi 50 mg/5ml;Vial;;;;;;;
889;OBUM663;Tizanidine tablet 2 mg;Tablet;;;;;;;
890;OBUM664;Tramadol 37,5 mg + Parasetamol 325 mg;Tablet;;;;;;;
891;OBUM665;Tramadol injeksi;Ampul;;;;;;;
892;OBUM666;Tramadol Kapsul 50 Mg;Kapsul;;;;;;;
893;OBUM667;Tramadol Supp 100 mg ;Suppos;;;;;;;
894;OBUM668;Terbutaline sulfat injeksi;Ampul;;;;;;;
895;OBUM669;Terbutaline sulfat tab 2,5 mg;Tablet;;;;;;;
896;OBUM670;Trifluoperazine tab 1 mg;Tablet;;;;;;;
897;OBUM671;Trifluoperazine tab 5 mg;Tablet;287;;;;;;
898;OBUM672;Trimetazidine hidroklorida tablet 35 mg;Tablet;;;;;;;
899;OBUM673;Tripolidin HCl 2mg,Pseudoefedrin HCl 30 mg, Parasetamol 500 mg tablet;Tablet;;;;;;;
900;OBUM674;Valsartan tab 160 mg;Tablet;;;;;;;
901;OBUM675;Valsartan tab 80 mg;Tablet;;;;;;;
902;OBUM676;Vekuronium bromida Vial 10 Mg;Vial;;;;;;;
903;OBUM677;Vekuronium bromida Vial 4 Mg;Vial;;;;;;;
904;OBUM678;Vit A palmitate, karbomer gel 10 gram;Tube;;;;;;;
905;OBUM679;Vit B1 100 mg, B6 200 mg, B12 200 mcg injeksi;Ampul;;;;;;;
906;OBUM680;Vit B1 100 Mg, Vit B6 50 Mg, Vit B12 100 Mcg, Vit E 30 Iu.;Tablet;;;;;;;
907;OBUM681;Vit B1 100 mg,vit B6 100 mg, vit B12 5000 mcg;Ampul;;;;;;;
908;OBUM682;Vit B1 100mg + Vit B6 100mg + Vit B12 5000ug tablet;Tablet;;;;;;;
909;OBUM683;Vit B1 100mg + Vit B6 200mg + Vit B12 200ug tablet;Tablet;;;;;;;
910;OBUM684;Vit B1, B2, B6, B12, Vit C 500Mg, Ca Pantotenate tablet (PRITAVIT);Tablet;660;;;;;;
911;OBUM685;Vit B1, B2, B3, B6, B12, Vit C 500Mg, Ca Pantotenate, Tocopherol Vit E)  tablet;Tablet;;;;;;;
912;OBUM686;Vitamin A 4000 IU, C 50 mg, D 400 IU, E 10 mg, B1 3mg, B2 3 mg, B6 2 mg, B12 2 mcg, B3 20 mg, Ca pantotenat 5 mg, Asam folat 1 mg, Biotin 0.1 mg, Fe fumarat 20 mg, Ca 100 mg, Cu 0.5 mg, Mn 0.5 mg, Mg 1 mg, Zn 0.25 mg tablet;Tablet;;;;;;;
913;OBUM687;Vitamin B1 100 Mg Tab (Thiamin/Aneurin Hcl);Tablet;;;;;;;
914;OBUM688;Vitamin C injeksi 200 mg/ ml;Ampul;;;;;;;
915;OBUM689;Vitamin C injeksi 500 mg/5 mL;Ampul;;;;;;;
916;OBUM690;YAL JELLY SOLUTION;Botol;;;;;;;
917;OBUM691;Fenoterol Hbr 0,1% for Inhalation larutan 50 ml (Berotec);Botol;130.190;;;;;;
918;OBUM692;Klozapine tab 100 mg;Tablet;3.288;;;;;;
919;OBUM693;Diazepam inj 10 mg/mL (i.v./i.m.);ampul;;;;;;;
920;OBUM694;Sakarin pemanis tablet;Tablet;84;;;;;;
921;OBUM695;MEYLON 8,4% 25ML;BOTOL;6.448;;;;;;
922;OBUM696;HALOPERIDOL INJ 5MG DECANOAT;AMPUL;101.300;;;;;;
923;OBUM697;PARASETAMOL DRIP 1GR/100ML;BOTOL;6.649;;;;;;
924;OBUM698;Asetilsistein;Tablet;339;;;;;;
925;OBUM699;Dextromethorphan, maleate, phenylephrine Tablet (Dextral Tab);Tablet; - ;;;;;;
926;OBUM700;KOMBIPAK azytromicin + cefixime 200 (HIBAH Dropping SUDIN);PAKET;;;;;;;
927;OBUM701;ENDOFORST;BOTOL;;;;;;;
928;OBUM702;Metkovazin Zalf 25 gram (Merah);Tube;105.600;;;;;;
929;OBUM703;Metkovazin Zalf 50 gram (Hijau);Tube;132.000;;;;;;
930;OBUM704;Sabun Luka;Botol;62.920;;;;;;
931;OBUM705;CAVIDOGEL;PCS;65.000;;;;;;
932;OBUM706;Algele 10x10 cm;lembar;52.800;;;;;;
933;OBUM707;Betametason krim 1 % (sediaan 10 gram);tube;1.540;;;;;;
934;OBUM708;Opticelle Silicone Foam ;PCS;65.450;;;;;;
935;OBUM709;Azitromicin (hibah);tablet ;;;;;;;
936;OBUM710;Favipiravir (hibah);tablet;;;;;;;
937;OBUM711;Oseltamivir (hibah);tablet ;;;;;;;
938;OBUM712;MULTIVITAMIN (hibah);BOTOL;;;;;;;
939;OBUM713;VITAMIN C 500 mg (hibah);tablet ;;;;;;;
940;OBUM714;Asetilsistein (hibah);kapsul;;;;;;;
941;OBUM715;Parasetamol 500 mg (hibah);tablet;;;;;;;
942;OBUM716;BIONICOM ZINC (hibah);Tablet ;;;;;;;
943;OBUM717;vit D 1000 iu (hibah);kapsul;;;;;;;
944;OBUM718;Askina calgitrol;tube;110.781;;;;;;
945;OBUM719;Prontosan;botol;96.505;;;;;;
946;OBUM720;Mometason ;TUBE;5.743;;;;;;
947;OBUM721;Hevitplus;tablet ;990;;;;;;
948;OBUM722;DESOXIMETASON ;Tube;8.180;;;;;;
949;OBUM723;FERRYZ SIRUP;BOTOL;45.100;;;;;;
950;OBUM724;KDT DOSIS HARIAN (HIBAH);Paket;414.310;;;;;;
951;OBUM725;Hydrocoloid Foam ;buah ;;;;;;;
952;OBUM726;Hydrogelle amorgelle;buah ;;;;;;;
953;OBUM727;Winner Super Absorbent Dressing 7,5cmx7,5cm;box;;;;;;;
954;OBUM728;Winner Silicone Foam Dressing With Bonder 7,5x7,5cm;box ;;;;;;;
955;OBUM729;Opticell lite ;box ;;;;;;;
956;OBUM730;Ketorolac injeksi 30 mg/ml;Ampul;13.514;;;;;;
957;OBUM731;Winner Papertape with dispenser;buah ;;;;;;;
958;OBUM732;Molnupiravir (HIBAH);Tablet;;;;;;;
959;OBUM733;Ramaflu ( Paracetamol 500 mg, pseudoephedrine HCl 30 mg, dextromethorphan HBr 15 mg, Chlorpheniramine maleate 2 mg);Tablet;441;;;;;;
960;OBUM734;Biolysin ;Tablet;418;;;;;;
961;OBUM735;Ondancentron 8mg Injeksi;Ampul;4.200;;;;;;
962;OBUM736;sigprocare antiseptik rawat luka 500ml;botol;57.800;;;;;;
963;OBUM737;sigprocare antiseptik rawat luka 100ml;Botol;3.900;;;;;;
